Workbook

Sheet GIA CONG ACRYLIC
G5: BÁO GIÁ KIÊM ĐƠN ĐẶT HÀNG
G6: Ngày 10 tháng 03 năm 2026 | L6: Ngày giờ chốt đơn: | M6: 46091.444
G7: Số phiếu: | L7: Số ngày phải giao từ lúc chốt đơn: | M7: 2
C8: Khách hàng: KH0000 - Tên Khách hàng | L8: Ngày giờ phải giao hàng: | M8: =M6+M7 -> 46093.444
C9: Địa chỉ:
C10: Chính sách KH:
C11: Công ty TNHH Gỗ GERVIN xin cảm ơn quý khách hàng đã tin dùng sản phẩm của chúng tôi và xin được báo giá như sau:
A12: Stt | B12: Mã hàng | C12: Tên hàng hóa, dịch vụ | D12: Kích thước (mm) | F12: Số lượng | G12: Cạnh vát | H12: Chiều vân | I12: Cánh (m2) | J12: Thanh phào (m) | K12: Đơn giá | L12: Thành tiền | M12: GHI CHÚ | N12: Kính đố 70 hèm s5r10 | O12: CNC như hình vẽ
D13: Cao (chiều vân gỗ) | E13: Rộng | N13: Vát | O13: Vân dọc
A14: I | C14: Acrylic màu 1 | F14: =SUM(F15:F37) -> 0 | I14: =SUM(I15:I37) -> 0 | J14: =SUM(J15:J37) -> 0
A15: 1 | B15: GV00.TP | C15: Cốt MDF chống ẩm 17mm, 1 mặt Acrylic GV00 chống xước cao, 1 mặt acrylic chống cong vênh trắng bóng | G15: =$N$13&N15 -> Vát 0 | I15: =D15*E15*F15/1000000 -> 0 | L15: =ROUND((I15+J15)*K15,0) -> 0 | N15: =E15 -> 0
A16: 2 | B16: GV00.TP | G16: =$N$13&N16 -> Vát 0 | I16: =D16*E16*F16/1000000 -> 0 | L16: =ROUND((I16+J16)*K16,0) -> 0 | N16: =E16 -> 0
A17: 3 | B17: GV00.TP | G17: =$N$13&N17 -> Vát 0 | I17: =D17*E17*F17/1000000 -> 0 | L17: =ROUND((I17+J17)*K17,0) -> 0 | N17: =E17 -> 0
A18: 4 | B18: GV00.TP | G18: =$N$13&N18 -> Vát 0 | I18: =D18*E18*F18/1000000 -> 0 | L18: =ROUND((I18+J18)*K18,0) -> 0 | N18: =E18 -> 0
A19: 5 | B19: GV00.TP | G19: =$N$13&N19 -> Vát 0 | I19: =D19*E19*F19/1000000 -> 0 | L19: =ROUND((I19+J19)*K19,0) -> 0 | N19: =E19 -> 0
A20: 6 | B20: GV00.TP | G20: =$N$13&N20 -> Vát 0 | I20: =D20*E20*F20/1000000 -> 0 | L20: =ROUND((I20+J20)*K20,0) -> 0 | N20: =E20 -> 0
A21: 7 | B21: GV00.TP | G21: =$N$13&N21 -> Vát 0 | I21: =D21*E21*F21/1000000 -> 0 | L21: =ROUND((I21+J21)*K21,0) -> 0 | N21: =E21 -> 0
A22: 8 | B22: GV00.TP | G22: =$N$13&N22 -> Vát 0 | I22: =D22*E22*F22/1000000 -> 0 | L22: =ROUND((I22+J22)*K22,0) -> 0 | N22: =E22 -> 0
A23: 9 | B23: GV00.TP | G23: =$N$13&N23 -> Vát 0 | I23: =D23*E23*F23/1000000 -> 0 | L23: =ROUND((I23+J23)*K23,0) -> 0 | N23: =E23 -> 0
A24: 10 | B24: GV00.TP | G24: =$N$13&N24 -> Vát 0 | I24: =D24*E24*F24/1000000 -> 0 | L24: =ROUND((I24+J24)*K24,0) -> 0 | N24: =E24 -> 0
A25: 11 | B25: GV00.TP | G25: =$N$13&N25 -> Vát 0 | I25: =D25*E25*F25/1000000 -> 0 | L25: =ROUND((I25+J25)*K25,0) -> 0 | N25: =E25 -> 0
A26: 12 | B26: GV00.TP | G26: =$N$13&N26 -> Vát 0 | I26: =D26*E26*F26/1000000 -> 0 | L26: =ROUND((I26+J26)*K26,0) -> 0 | N26: =E26 -> 0
A27: 13 | B27: GV00.TP | G27: =$N$13&N27 -> Vát 0 | I27: =D27*E27*F27/1000000 -> 0 | L27: =ROUND((I27+J27)*K27,0) -> 0 | N27: =E27 -> 0
... A37: 23 | B37: GV00.TP | G37: =$N$13&N37 -> Vát 0 | I37: =D37*E37*F37/1000000 -> 0 | L37: =ROUND((I37+J37)*K37,0) -> 0 | N37: =E37 -> 0
F38: =F14 -> 0 | I38: =I14 -> 0 | J38: =J14 -> 0
C39: Tặng kính giá bát | D39: =D16-123 -> -123 | E39: =E16-123 -> -123 | J39: 0 | K39: 0 | L39: =J39*K39 -> 0
K40: TỔNG TIỀN HÀNG: | L40: =SUM(L15:L39) -> 0
A41: Lưu ý:
C42: + Khách hàng phải kiểm tra và xác nhận đã nhận đầy đủ số lượng, tình trạng bên ngoài của hàng như hàng không bị xước hoặc hư hỏng.
C43: + Nếu khách hàng nhận hàng mà không kiểm tra hoặc bỏ qua bước kiểm tra và ký nhận thì bên cung cấp hàng không chịu trách nhiệm về việc hư hỏng hay thiếu sót hàng tính từ thời điểm giao xong hàng.
C45: XÁC NHẬN BÊN MUA HÀNG | G45: NGƯỜI CHÀO GIÁ | K45: KẾ TOÁN XÁC NHẬN
B46: Ngày………….đã nhận đủ số lượng và đã kiểm tra hàng không bị xước hoặc hư hỏng. | G46: (Ký, ghi rõ họ tên) | K46: (Ký, ghi rõ họ tên)
C47: (Ký, ghi rõ họ tên)
AW48: =#REF! -> #REF! | AX48: =RIGHT("000000000000"&ROUND(AW48,0),12) -> #REF! | AY48: 1 | AZ48: 2 | BA48: 3 | BB48: 4 | BC48: 5 | BD48: 6 | BE48: 7 | BF48: 8 | BG48: 9 | BH48: 10 | BI48: 11 | BJ48: 12
A49: 1 | C49: Đơn giá trên chưa bao gồm VAT. Đúng sai ±1 mm. | AY49: =VALUE(MID(AX48,AY48,1)) -> #REF! | AZ49: =VALUE(MID(AX48,AZ48,1)) -> #REF! | BA49: =VALUE(MID(AX48,BA48,1)) -> #REF! | BB49: =VALUE(MID(AX48,BB48,1)) -> #REF! | BC49: =VALUE(MID(AX48,BC48,1)) -> #REF! | BD49: =VALUE(MID(AX48,BD48,1)) -> #REF! | BE49: =VALUE(MID(AX48,BE48,1)) -> #REF! | BF49: =VALUE(MID(AX48,BF48,1)) -> #REF! | BG49: =VALUE(MID(AX48,BG48,1)) -> #REF! | BH49: =VALUE(MID(AX48,BH48,1)) -> #REF! | BI49: =VALUE(MID(AX48,BI48,1)) -> #REF! | BJ49: =VALUE(MID(AX48,BJ48,1)) -> #REF!
A50: 2 | C50: Ứng trước 50% tiền đơn hàng gia công, thanh toán 50% còn lại trước khi lấy hàng tại kho, giao hàng tại nhà máy bên bán sau 2 đến 3 ngày.
A51: 3 | C51: Khi mua tấm Quý khách vui lòng thanh toán 100% tiền hàng trước khi chuyển hàng ra khỏi kho bên bán.
A52: 4 | C52: Quý khách có thể thanh toán bằng tiền mặt hoặc chuyển khoản vào một trong các tài khoản sau:
A53: 5 | C53: Bảo hành cong vênh, bong tróc 12 tháng, bảo trì vĩnh viễn. Không bảo hành mối và ngập nước. | AY53: =IF(AY49=0,"","tr¨m") -> #REF! | AZ53: =IF(AZ49=0,"",IF(AZ49=1,"","m­¬i")) -> #REF! | BA53: =IF(AND(BA49=0,#REF!=0),"","tû") -> #REF! | BB53: =IF(BB49=0,"","tr¨m") -> #REF! | BC53: =IF(BC49=0,"",IF(BC49=1,"","m­¬i")) -> #REF! | BD53: =IF(AND(BD49=0,#REF!=0),"","triÖu") -> #REF! | BE53: =IF(BE49=0,"","tr¨m") -> #REF! | BF53: =IF(BF49=0,"",IF(BF49=1,"","m­¬i")) -> #REF! | BG53: =IF(AND(BG49=0,#REF!=0),"","ngh×n") -> #REF! | BH53: =IF(BH49=0,"","tr¨m") -> #REF! | BI53: =IF(BI49=0,"",IF(BI49=1,"","m­¬i")) -> #REF! | BJ53: ®ång

Sheet BAZIS-PM
A1: Cắt | B1: Đơn hàng | C1: Sản phẩm | D1: STT | E1: Tên | F1: Vật liệu | G1: Dài | H1: Rộng | I1: Dày | J1: Chiều vân | K1: Số lượng | L1: Kí hiệu nẹp L1 | M1: Kí hiệu nẹp L2 | N1: Kí hiệu nẹp W1 | O1: Kí hiệu nẹp W2 | P1: Dày nẹp L1 | Q1: Dày nẹp L2 | R1: Dày nẹp W1 | S1: Dày nẹp W2 | T1: Ghi chú | U1: Bao trong-Dịch trái | V1: Bao trong-Dịch phải | W1: Bao trong-Dịch trên | X1: Bao trong-Dịch dưới | Y1: Xoi-Dịch trái-1 | Z1: Xoi-Dịch phải-1 | AA1: Xoi-Dịch trên-1 | AB1: Xoi-Dịch dưới-1 | AC1: Xoi-Rộng-1 | AD1: Xoi-Sâu-1 | AE1: Xoi-Dịch trái-2 | AF1: Xoi-Dịch phải-2 | AG1: Xoi-Dịch trên-2 | AH1: Xoi-Dịch dưới-2 | AI1: Xoi-Rộng-2 | AJ1: Xoi-Sâu-2
A2: Cutting | B2: Order | C2: Product Name | D2: Order Number | E2: Detail Name | F2: Material | G2: Height | H2: Width | I2: Thickness | J2: Texture Orientation | K2: Quantity | L2: Edge Banding L1 | M2: Edge Banding L2 | N2: Edge Banding W1 | O2: Edge Banding W2 | P2: L1 Thickness | Q2: L2 Thickness | R2: W1 Thickness | S2: W2 Thickness | T2: Note | U2: Internal Cutting Left Offset | V2: Internal Cutting Right Offset | W2: Internal Cutting Top Offset | X2: Internal Cutting Bottom Offset | Y2: Milling Left Offset 1 | Z2: Milling Right Offset 1 | AA2: Milling Top Offset 1 | AB2: Milling Bottom Offset 1 | AC2: Milling Width 1 | AD2: Milling Depth 1 | AE2: Milling Left Offset 2 | AF2: Milling Right Offset 2 | AG2: Milling Top Offset 2 | AH2: Milling Bottom Offset 2 | AI2: Milling Width 2 | AJ2: Milling Depth 2
A3: ="V" -> V | B3: ="ACRILYC" -> ACRILYC | C3: =RIGHT('GIA CONG ACRYLIC'!$C$8,LEN('GIA CONG ACRYLIC'!$C$8)-LEN("Khách hàng: "))&" "&'GIA CONG ACRYLIC'!$H$7 -> KH0000 - Tên Khách hàng | D3: ='GIA CONG ACRYLIC'!$H$7&"."&'GIA CONG ACRYLIC'!B15&"."&IF(LEN('GIA CONG ACRYLIC'!A15)=1,"00"&'GIA CONG ACRYLIC'!A15,IF(LEN('GIA CONG ACRYLIC'!A15)=2,"0"&'GIA CONG ACRYLIC'!A15,'GIA CONG ACRYLIC'!A15)) -> .GV00.TP.001 | E3: =IF('GIA CONG ACRYLIC'!M15=0,"",'GIA CONG ACRYLIC'!M15) | F3: =+'GIA CONG ACRYLIC'!C15 -> Cốt MDF chống ẩm 17mm, 1 mặt Acrylic GV00 chống xước cao, 1 mặt acrylic chống cong vênh trắng bóng | G3: =+'GIA CONG ACRYLIC'!D15 -> 0 | H3: =+'GIA CONG ACRYLIC'!E15 -> 0 | I3: 19 | J3: 2 | K3: =+'GIA CONG ACRYLIC'!F15 -> 0 | L3: ="T" -> T | M3: =IF('GIA CONG ACRYLIC'!N15='GIA CONG ACRYLIC'!D15,"V","T") -> V | N3: ="T" -> T | O3: =IF('GIA CONG ACRYLIC'!N15='GIA CONG ACRYLIC'!E15,"V","T") -> V | P3: 1e-05 | Q3: 1e-05 | R3: 1e-05 | S3: 1e-05 | T3: ='GIA CONG ACRYLIC'!G15 -> Vát 0
A4: ="V" -> V | B4: ="ACRILYC" -> ACRILYC | C4: =RIGHT('GIA CONG ACRYLIC'!$C$8,LEN('GIA CONG ACRYLIC'!$C$8)-LEN("Khách hàng: "))&" "&'GIA CONG ACRYLIC'!$H$7 -> KH0000 - Tên Khách hàng | D4: ='GIA CONG ACRYLIC'!$H$7&"."&'GIA CONG ACRYLIC'!B16&"."&IF(LEN('GIA CONG ACRYLIC'!A16)=1,"00"&'GIA CONG ACRYLIC'!A16,IF(LEN('GIA CONG ACRYLIC'!A16)=2,"0"&'GIA CONG ACRYLIC'!A16,'GIA CONG ACRYLIC'!A16)) -> .GV00.TP.002 | E4: =IF('GIA CONG ACRYLIC'!M16=0,"",'GIA CONG ACRYLIC'!M16) | F4: =+'GIA CONG ACRYLIC'!C16 -> 0 | G4: =+'GIA CONG ACRYLIC'!D16 -> 0 | H4: =+'GIA CONG ACRYLIC'!E16 -> 0 | I4: 19 | J4: 2 | K4: =+'GIA CONG ACRYLIC'!F16 -> 0 | L4: ="T" -> T | M4: =IF('GIA CONG ACRYLIC'!N16='GIA CONG ACRYLIC'!D16,"V","T") -> V | N4: ="T" -> T | O4: =IF('GIA CONG ACRYLIC'!N16='GIA CONG ACRYLIC'!E16,"V","T") -> V | P4: 1e-05 | Q4: 1e-05 | R4: 1e-05 | S4: 1e-05 | T4: ='GIA CONG ACRYLIC'!G16 -> Vát 0
A5: ="V" -> V | B5: ="ACRILYC" -> ACRILYC | C5: =RIGHT('GIA CONG ACRYLIC'!$C$8,LEN('GIA CONG ACRYLIC'!$C$8)-LEN("Khách hàng: "))&" "&'GIA CONG ACRYLIC'!$H$7 -> KH0000 - Tên Khách hàng | D5: ='GIA CONG ACRYLIC'!$H$7&"."&'GIA CONG ACRYLIC'!#REF!&"."&IF(LEN('GIA CONG ACRYLIC'!#REF!)=1,"00"&'GIA CONG ACRYLIC'!#REF!,IF(LEN('GIA CONG ACRYLIC'!#REF!)=2,"0"&'GIA CONG ACRYLIC'!#REF!,'GIA CONG ACRYLIC'!#REF!)) -> #REF! | E5: =IF('GIA CONG ACRYLIC'!#REF!=0,"",'GIA CONG ACRYLIC'!#REF!) -> #REF! | F5: =+'GIA CONG ACRYLIC'!#REF! -> #REF! | G5: =+'GIA CONG ACRYLIC'!#REF! -> #REF! | H5: =+'GIA CONG ACRYLIC'!#REF! -> #REF! | I5: 19 | J5: 2 | K5: =+'GIA CONG ACRYLIC'!#REF! -> #REF! | L5: ="T" -> T | M5: =IF('GIA CONG ACRYLIC'!#REF!='GIA CONG ACRYLIC'!#REF!,"V","T") -> #REF! | N5: ="T" -> T | O5: =IF('GIA CONG ACRYLIC'!#REF!='GIA CONG ACRYLIC'!#REF!,"V","T") -> #REF! | P5: 1e-05 | Q5: 1e-05 | R5: 1e-05 | S5: 1e-05 | T5: ='GIA CONG ACRYLIC'!#REF! -> #REF!
A6: ="V" -> V | B6: ="ACRILYC" -> ACRILYC | C6: =RIGHT('GIA CONG ACRYLIC'!$C$8,LEN('GIA CONG ACRYLIC'!$C$8)-LEN("Khách hàng: "))&" "&'GIA CONG ACRYLIC'!$H$7 -> KH0000 - Tên Khách hàng | D6: ='GIA CONG ACRYLIC'!$H$7&"."&'GIA CONG ACRYLIC'!#REF!&"."&IF(LEN('GIA CONG ACRYLIC'!#REF!)=1,"00"&'GIA CONG ACRYLIC'!#REF!,IF(LEN('GIA CONG ACRYLIC'!#REF!)=2,"0"&'GIA CONG ACRYLIC'!#REF!,'GIA CONG ACRYLIC'!#REF!)) -> #REF! | E6: =IF('GIA CONG ACRYLIC'!#REF!=0,"",'GIA CONG ACRYLIC'!#REF!) -> #REF! | F6: =+'GIA CONG ACRYLIC'!#REF! -> #REF! | G6: =+'GIA CONG ACRYLIC'!#REF! -> #REF! | H6: =+'GIA CONG ACRYLIC'!#REF! -> #REF! | I6: 19 | J6: 2 | K6: =+'GIA CONG ACRYLIC'!#REF! -> #REF! | L6: ="T" -> T | M6: =IF('GIA CONG ACRYLIC'!#REF!='GIA CONG ACRYLIC'!#REF!,"V","T") -> #REF! | N6: ="T" -> T | O6: =IF('GIA CONG ACRYLIC'!#REF!='GIA CONG ACRYLIC'!#REF!,"V","T") -> #REF! | P6: 1e-05 | Q6: 1e-05 | R6: 1e-05 | S6: 1e-05 | T6: ='GIA CONG ACRYLIC'!#REF! -> #REF!
A7: ="V" -> V | B7: ="ACRILYC" -> ACRILYC | C7: =RIGHT('GIA CONG ACRYLIC'!$C$8,LEN('GIA CONG ACRYLIC'!$C$8)-LEN("Khách hàng: "))&" "&'GIA CONG ACRYLIC'!$H$7 -> KH0000 - Tên Khách hàng | D7: ='GIA CONG ACRYLIC'!$H$7&"."&'GIA CONG ACRYLIC'!#REF!&"."&IF(LEN('GIA CONG ACRYLIC'!#REF!)=1,"00"&'GIA CONG ACRYLIC'!#REF!,IF(LEN('GIA CONG ACRYLIC'!#REF!)=2,"0"&'GIA CONG ACRYLIC'!#REF!,'GIA CONG ACRYLIC'!#REF!)) -> #REF! | E7: =IF('GIA CONG ACRYLIC'!#REF!=0,"",'GIA CONG ACRYLIC'!#REF!) -> #REF! | F7: =+'GIA CONG ACRYLIC'!#REF! -> #REF! | G7: =+'GIA CONG ACRYLIC'!#REF! -> #REF! | H7: =+'GIA CONG ACRYLIC'!#REF! -> #REF! | I7: 19 | J7: 2 | K7: =+'GIA CONG ACRYLIC'!#REF! -> #REF! | L7: ="T" -> T | M7: =IF('GIA CONG ACRYLIC'!#REF!='GIA CONG ACRYLIC'!#REF!,"V","T") -> #REF! | N7: ="T" -> T | O7: =IF('GIA CONG ACRYLIC'!#REF!='GIA CONG ACRYLIC'!#REF!,"V","T") -> #REF! | P7: 1e-05 | Q7: 1e-05 | R7: 1e-05 | S7: 1e-05 | T7: ='GIA CONG ACRYLIC'!#REF! -> #REF!
A8: ="V" -> V | B8: ="ACRILYC" -> ACRILYC | C8: =RIGHT('GIA CONG ACRYLIC'!$C$8,LEN('GIA CONG ACRYLIC'!$C$8)-LEN("Khách hàng: "))&" "&'GIA CONG ACRYLIC'!$H$7 -> KH0000 - Tên Khách hàng | D8: ='GIA CONG ACRYLIC'!$H$7&"."&'GIA CONG ACRYLIC'!#REF!&"."&IF(LEN('GIA CONG ACRYLIC'!#REF!)=1,"00"&'GIA CONG ACRYLIC'!#REF!,IF(LEN('GIA CONG ACRYLIC'!#REF!)=2,"0"&'GIA CONG ACRYLIC'!#REF!,'GIA CONG ACRYLIC'!#REF!)) -> #REF! | E8: =IF('GIA CONG ACRYLIC'!#REF!=0,"",'GIA CONG ACRYLIC'!#REF!) -> #REF! | F8: =+'GIA CONG ACRYLIC'!#REF! -> #REF! | G8: =+'GIA CONG ACRYLIC'!#REF! -> #REF! | H8: =+'GIA CONG ACRYLIC'!#REF! -> #REF! | I8: 19 | J8: 2 | K8: =+'GIA CONG ACRYLIC'!#REF! -> #REF! | L8: ="T" -> T | M8: =IF('GIA CONG ACRYLIC'!#REF!='GIA CONG ACRYLIC'!#REF!,"V","T") -> #REF! | N8: ="T" -> T | O8: =IF('GIA CONG ACRYLIC'!#REF!='GIA CONG ACRYLIC'!#REF!,"V","T") -> #REF! | P8: 1e-05 | Q8: 1e-05 | R8: 1e-05 | S8: 1e-05 | T8: ='GIA CONG ACRYLIC'!#REF! -> #REF!
A9: ="V" -> V | B9: ="ACRILYC" -> ACRILYC | C9: =RIGHT('GIA CONG ACRYLIC'!$C$8,LEN('GIA CONG ACRYLIC'!$C$8)-LEN("Khách hàng: "))&" "&'GIA CONG ACRYLIC'!$H$7 -> KH0000 - Tên Khách hàng | D9: ='GIA CONG ACRYLIC'!$H$7&"."&'GIA CONG ACRYLIC'!#REF!&"."&IF(LEN('GIA CONG ACRYLIC'!#REF!)=1,"00"&'GIA CONG ACRYLIC'!#REF!,IF(LEN('GIA CONG ACRYLIC'!#REF!)=2,"0"&'GIA CONG ACRYLIC'!#REF!,'GIA CONG ACRYLIC'!#REF!)) -> #REF! | E9: =IF('GIA CONG ACRYLIC'!#REF!=0,"",'GIA CONG ACRYLIC'!#REF!) -> #REF! | F9: =+'GIA CONG ACRYLIC'!#REF! -> #REF! | G9: =+'GIA CONG ACRYLIC'!#REF! -> #REF! | H9: =+'GIA CONG ACRYLIC'!#REF! -> #REF! | I9: 19 | J9: 2 | K9: =+'GIA CONG ACRYLIC'!#REF! -> #REF! | L9: ="T" -> T | M9: =IF('GIA CONG ACRYLIC'!#REF!='GIA CONG ACRYLIC'!#REF!,"V","T") -> #REF! | N9: ="T" -> T | O9: =IF('GIA CONG ACRYLIC'!#REF!='GIA CONG ACRYLIC'!#REF!,"V","T") -> #REF! | P9: 1e-05 | Q9: 1e-05 | R9: 1e-05 | S9: 1e-05 | T9: ='GIA CONG ACRYLIC'!#REF! -> #REF!
A10: ="V" -> V | B10: ="ACRILYC" -> ACRILYC | C10: =RIGHT('GIA CONG ACRYLIC'!$C$8,LEN('GIA CONG ACRYLIC'!$C$8)-LEN("Khách hàng: "))&" "&'GIA CONG ACRYLIC'!$H$7 -> KH0000 - Tên Khách hàng | D10: ='GIA CONG ACRYLIC'!$H$7&"."&'GIA CONG ACRYLIC'!#REF!&"."&IF(LEN('GIA CONG ACRYLIC'!#REF!)=1,"00"&'GIA CONG ACRYLIC'!#REF!,IF(LEN('GIA CONG ACRYLIC'!#REF!)=2,"0"&'GIA CONG ACRYLIC'!#REF!,'GIA CONG ACRYLIC'!#REF!)) -> #REF! | E10: =IF('GIA CONG ACRYLIC'!#REF!=0,"",'GIA CONG ACRYLIC'!#REF!) -> #REF! | F10: =+'GIA CONG ACRYLIC'!#REF! -> #REF! | G10: =+'GIA CONG ACRYLIC'!#REF! -> #REF! | H10: =+'GIA CONG ACRYLIC'!#REF! -> #REF! | I10: 19 | J10: 2 | K10: =+'GIA CONG ACRYLIC'!#REF! -> #REF! | L10: ="T" -> T | M10: =IF('GIA CONG ACRYLIC'!#REF!='GIA CONG ACRYLIC'!#REF!,"V","T") -> #REF! | N10: ="T" -> T | O10: =IF('GIA CONG ACRYLIC'!#REF!='GIA CONG ACRYLIC'!#REF!,"V","T") -> #REF! | P10: 1e-05 | Q10: 1e-05 | R10: 1e-05 | S10: 1e-05 | T10: ='GIA CONG ACRYLIC'!#REF! -> #REF!
A11: ="V" -> V | B11: ="ACRILYC" -> ACRILYC | C11: =RIGHT('GIA CONG ACRYLIC'!$C$8,LEN('GIA CONG ACRYLIC'!$C$8)-LEN("Khách hàng: "))&" "&'GIA CONG ACRYLIC'!$H$7 -> KH0000 - Tên Khách hàng | D11: ='GIA CONG ACRYLIC'!$H$7&"."&'GIA CONG ACRYLIC'!#REF!&"."&IF(LEN('GIA CONG ACRYLIC'!#REF!)=1,"00"&'GIA CONG ACRYLIC'!#REF!,IF(LEN('GIA CONG ACRYLIC'!#REF!)=2,"0"&'GIA CONG ACRYLIC'!#REF!,'GIA CONG ACRYLIC'!#REF!)) -> #REF! | E11: =IF('GIA CONG ACRYLIC'!#REF!=0,"",'GIA CONG ACRYLIC'!#REF!) -> #REF! | F11: =+'GIA CONG ACRYLIC'!#REF! -> #REF! | G11: =+'GIA CONG ACRYLIC'!#REF! -> #REF! | H11: =+'GIA CONG ACRYLIC'!#REF! -> #REF! | I11: 19 | J11: 2 | K11: =+'GIA CONG ACRYLIC'!#REF! -> #REF! | L11: ="T" -> T | M11: =IF('GIA CONG ACRYLIC'!#REF!='GIA CONG ACRYLIC'!#REF!,"V","T") -> #REF! | N11: ="T" -> T | O11: =IF('GIA CONG ACRYLIC'!#REF!='GIA CONG ACRYLIC'!#REF!,"V","T") -> #REF! | P11: 1e-05 | Q11: 1e-05 | R11: 1e-05 | S11: 1e-05 | T11: ='GIA CONG ACRYLIC'!#REF! -> #REF!
A12: ="V" -> V | B12: ="ACRILYC" -> ACRILYC | C12: =RIGHT('GIA CONG ACRYLIC'!$C$8,LEN('GIA CONG ACRYLIC'!$C$8)-LEN("Khách hàng: "))&" "&'GIA CONG ACRYLIC'!$H$7 -> KH0000 - Tên Khách hàng | D12: ='GIA CONG ACRYLIC'!$H$7&"."&'GIA CONG ACRYLIC'!#REF!&"."&IF(LEN('GIA CONG ACRYLIC'!#REF!)=1,"00"&'GIA CONG ACRYLIC'!#REF!,IF(LEN('GIA CONG ACRYLIC'!#REF!)=2,"0"&'GIA CONG ACRYLIC'!#REF!,'GIA CONG ACRYLIC'!#REF!)) -> #REF! | E12: =IF('GIA CONG ACRYLIC'!#REF!=0,"",'GIA CONG ACRYLIC'!#REF!) -> #REF! | F12: =+'GIA CONG ACRYLIC'!#REF! -> #REF! | G12: =+'GIA CONG ACRYLIC'!#REF! -> #REF! | H12: =+'GIA CONG ACRYLIC'!#REF! -> #REF! | I12: 19 | J12: 2 | K12: =+'GIA CONG ACRYLIC'!#REF! -> #REF! | L12: ="T" -> T | M12: =IF('GIA CONG ACRYLIC'!#REF!='GIA CONG ACRYLIC'!#REF!,"V","T") -> #REF! | N12: ="T" -> T | O12: =IF('GIA CONG ACRYLIC'!#REF!='GIA CONG ACRYLIC'!#REF!,"V","T") -> #REF! | P12: 1e-05 | Q12: 1e-05 | R12: 1e-05 | S12: 1e-05 | T12: ='GIA CONG ACRYLIC'!#REF! -> #REF!
A13: ="V" -> V | B13: ="ACRILYC" -> ACRILYC | C13: =RIGHT('GIA CONG ACRYLIC'!$C$8,LEN('GIA CONG ACRYLIC'!$C$8)-LEN("Khách hàng: "))&" "&'GIA CONG ACRYLIC'!$H$7 -> KH0000 - Tên Khách hàng | D13: ='GIA CONG ACRYLIC'!$H$7&"."&'GIA CONG ACRYLIC'!#REF!&"."&IF(LEN('GIA CONG ACRYLIC'!#REF!)=1,"00"&'GIA CONG ACRYLIC'!#REF!,IF(LEN('GIA CONG ACRYLIC'!#REF!)=2,"0"&'GIA CONG ACRYLIC'!#REF!,'GIA CONG ACRYLIC'!#REF!)) -> #REF! | E13: =IF('GIA CONG ACRYLIC'!#REF!=0,"",'GIA CONG ACRYLIC'!#REF!) -> #REF! | F13: =+'GIA CONG ACRYLIC'!#REF! -> #REF! | G13: =+'GIA CONG ACRYLIC'!#REF! -> #REF! | H13: =+'GIA CONG ACRYLIC'!#REF! -> #REF! | I13: 19 | J13: 2 | K13: =+'GIA CONG ACRYLIC'!#REF! -> #REF! | L13: ="T" -> T | M13: =IF('GIA CONG ACRYLIC'!#REF!='GIA CONG ACRYLIC'!#REF!,"V","T") -> #REF! | N13: ="T" -> T | O13: =IF('GIA CONG ACRYLIC'!#REF!='GIA CONG ACRYLIC'!#REF!,"V","T") -> #REF! | P13: 1e-05 | Q13: 1e-05 | R13: 1e-05 | S13: 1e-05 | T13: ='GIA CONG ACRYLIC'!#REF! -> #REF!
A14: ="V" -> V | B14: ="ACRILYC" -> ACRILYC | C14: =RIGHT('GIA CONG ACRYLIC'!$C$8,LEN('GIA CONG ACRYLIC'!$C$8)-LEN("Khách hàng: "))&" "&'GIA CONG ACRYLIC'!$H$7 -> KH0000 - Tên Khách hàng | D14: ='GIA CONG ACRYLIC'!$H$7&"."&'GIA CONG ACRYLIC'!#REF!&"."&IF(LEN('GIA CONG ACRYLIC'!#REF!)=1,"00"&'GIA CONG ACRYLIC'!#REF!,IF(LEN('GIA CONG ACRYLIC'!#REF!)=2,"0"&'GIA CONG ACRYLIC'!#REF!,'GIA CONG ACRYLIC'!#REF!)) -> #REF! | E14: =IF('GIA CONG ACRYLIC'!#REF!=0,"",'GIA CONG ACRYLIC'!#REF!) -> #REF! | F14: =+'GIA CONG ACRYLIC'!#REF! -> #REF! | G14: =+'GIA CONG ACRYLIC'!#REF! -> #REF! | H14: =+'GIA CONG ACRYLIC'!#REF! -> #REF! | I14: 19 | J14: 2 | K14: =+'GIA CONG ACRYLIC'!#REF! -> #REF! | L14: ="T" -> T | M14: =IF('GIA CONG ACRYLIC'!#REF!='GIA CONG ACRYLIC'!#REF!,"V","T") -> #REF! | N14: ="T" -> T | O14: =IF('GIA CONG ACRYLIC'!#REF!='GIA CONG ACRYLIC'!#REF!,"V","T") -> #REF! | P14: 1e-05 | Q14: 1e-05 | R14: 1e-05 | S14: 1e-05 | T14: ='GIA CONG ACRYLIC'!#REF! -> #REF!
A15: ="V" -> V | B15: ="ACRILYC" -> ACRILYC | C15: =RIGHT('GIA CONG ACRYLIC'!$C$8,LEN('GIA CONG ACRYLIC'!$C$8)-LEN("Khách hàng: "))&" "&'GIA CONG ACRYLIC'!$H$7 -> KH0000 - Tên Khách hàng | D15: ='GIA CONG ACRYLIC'!$H$7&"."&'GIA CONG ACRYLIC'!#REF!&"."&IF(LEN('GIA CONG ACRYLIC'!#REF!)=1,"00"&'GIA CONG ACRYLIC'!#REF!,IF(LEN('GIA CONG ACRYLIC'!#REF!)=2,"0"&'GIA CONG ACRYLIC'!#REF!,'GIA CONG ACRYLIC'!#REF!)) -> #REF! | E15: =IF('GIA CONG ACRYLIC'!#REF!=0,"",'GIA CONG ACRYLIC'!#REF!) -> #REF! | F15: =+'GIA CONG ACRYLIC'!#REF! -> #REF! | G15: =+'GIA CONG ACRYLIC'!#REF! -> #REF! | H15: =+'GIA CONG ACRYLIC'!#REF! -> #REF! | I15: 19 | J15: 2 | K15: =+'GIA CONG ACRYLIC'!#REF! -> #REF! | L15: ="T" -> T | M15: =IF('GIA CONG ACRYLIC'!#REF!='GIA CONG ACRYLIC'!#REF!,"V","T") -> #REF! | N15: ="T" -> T | O15: =IF('GIA CONG ACRYLIC'!#REF!='GIA CONG ACRYLIC'!#REF!,"V","T") -> #REF! | P15: 1e-05 | Q15: 1e-05 | R15: 1e-05 | S15: 1e-05 | T15: ='GIA CONG ACRYLIC'!#REF! -> #REF!
A16: ="V" -> V | B16: ="ACRILYC" -> ACRILYC | C16: =RIGHT('GIA CONG ACRYLIC'!$C$8,LEN('GIA CONG ACRYLIC'!$C$8)-LEN("Khách hàng: "))&" "&'GIA CONG ACRYLIC'!$H$7 -> KH0000 - Tên Khách hàng | D16: ='GIA CONG ACRYLIC'!$H$7&"."&'GIA CONG ACRYLIC'!#REF!&"."&IF(LEN('GIA CONG ACRYLIC'!#REF!)=1,"00"&'GIA CONG ACRYLIC'!#REF!,IF(LEN('GIA CONG ACRYLIC'!#REF!)=2,"0"&'GIA CONG ACRYLIC'!#REF!,'GIA CONG ACRYLIC'!#REF!)) -> #REF! | E16: =IF('GIA CONG ACRYLIC'!#REF!=0,"",'GIA CONG ACRYLIC'!#REF!) -> #REF! | F16: =+'GIA CONG ACRYLIC'!#REF! -> #REF! | G16: =+'GIA CONG ACRYLIC'!#REF! -> #REF! | H16: =+'GIA CONG ACRYLIC'!#REF! -> #REF! | I16: 19 | J16: 2 | K16: =+'GIA CONG ACRYLIC'!#REF! -> #REF! | L16: ="T" -> T | M16: =IF('GIA CONG ACRYLIC'!#REF!='GIA CONG ACRYLIC'!#REF!,"V","T") -> #REF! | N16: ="T" -> T | O16: =IF('GIA CONG ACRYLIC'!#REF!='GIA CONG ACRYLIC'!#REF!,"V","T") -> #REF! | P16: 1e-05 | Q16: 1e-05 | R16: 1e-05 | S16: 1e-05 | T16: ='GIA CONG ACRYLIC'!#REF! -> #REF!
... A26: ="V" -> V | B26: ="ACRILYC" -> ACRILYC | C26: =RIGHT('GIA CONG ACRYLIC'!$C$8,LEN('GIA CONG ACRYLIC'!$C$8)-LEN("Khách hàng: "))&" "&'GIA CONG ACRYLIC'!$H$7 -> KH0000 - Tên Khách hàng | D26: ='GIA CONG ACRYLIC'!$H$7&"."&'GIA CONG ACRYLIC'!#REF!&"."&IF(LEN('GIA CONG ACRYLIC'!#REF!)=1,"00"&'GIA CONG ACRYLIC'!#REF!,IF(LEN('GIA CONG ACRYLIC'!#REF!)=2,"0"&'GIA CONG ACRYLIC'!#REF!,'GIA CONG ACRYLIC'!#REF!)) -> #REF! | E26: =IF('GIA CONG ACRYLIC'!#REF!=0,"",'GIA CONG ACRYLIC'!#REF!) -> #REF! | F26: =+'GIA CONG ACRYLIC'!#REF! -> #REF! | G26: =+'GIA CONG ACRYLIC'!#REF! -> #REF! | H26: =+'GIA CONG ACRYLIC'!#REF! -> #REF! | I26: 19 | J26: 2 | K26: =+'GIA CONG ACRYLIC'!#REF! -> #REF! | L26: ="T" -> T | M26: =IF('GIA CONG ACRYLIC'!#REF!='GIA CONG ACRYLIC'!#REF!,"V","T") -> #REF! | N26: ="T" -> T | O26: =IF('GIA CONG ACRYLIC'!#REF!='GIA CONG ACRYLIC'!#REF!,"V","T") -> #REF! | P26: 1e-05 | Q26: 1e-05 | R26: 1e-05 | S26: 1e-05 | T26: ='GIA CONG ACRYLIC'!#REF! -> #REF!
A27: ="V" -> V | B27: ="ACRILYC" -> ACRILYC | C27: =RIGHT('GIA CONG ACRYLIC'!$C$8,LEN('GIA CONG ACRYLIC'!$C$8)-LEN("Khách hàng: "))&" "&'GIA CONG ACRYLIC'!$H$7 -> KH0000 - Tên Khách hàng | D27: ='GIA CONG ACRYLIC'!$H$7&"."&'GIA CONG ACRYLIC'!#REF!&"."&IF(LEN('GIA CONG ACRYLIC'!#REF!)=1,"00"&'GIA CONG ACRYLIC'!#REF!,IF(LEN('GIA CONG ACRYLIC'!#REF!)=2,"0"&'GIA CONG ACRYLIC'!#REF!,'GIA CONG ACRYLIC'!#REF!)) -> #REF! | E27: =IF('GIA CONG ACRYLIC'!#REF!=0,"",'GIA CONG ACRYLIC'!#REF!) -> #REF! | F27: =+'GIA CONG ACRYLIC'!#REF! -> #REF! | G27: =+'GIA CONG ACRYLIC'!#REF! -> #REF! | H27: =+'GIA CONG ACRYLIC'!#REF! -> #REF! | I27: 19 | J27: 2 | K27: =+'GIA CONG ACRYLIC'!#REF! -> #REF! | L27: ="T" -> T | M27: =IF('GIA CONG ACRYLIC'!#REF!='GIA CONG ACRYLIC'!#REF!,"V","T") -> #REF! | N27: ="T" -> T | O27: =IF('GIA CONG ACRYLIC'!#REF!='GIA CONG ACRYLIC'!#REF!,"V","T") -> #REF! | P27: 1e-05 | Q27: 1e-05 | R27: 1e-05 | S27: 1e-05 | T27: ='GIA CONG ACRYLIC'!#REF! -> #REF! | U27: 70 | V27: 70 | W27: 70 | X27: 70 | Y27: 60 | Z27: 60 | AA27: 60 | AB27: 60 | AC27: 10 | AD27: 6
A28: ="V" -> V | B28: ="ACRILYC" -> ACRILYC | C28: =RIGHT('GIA CONG ACRYLIC'!$C$8,LEN('GIA CONG ACRYLIC'!$C$8)-LEN("Khách hàng: "))&" "&'GIA CONG ACRYLIC'!$H$7 -> KH0000 - Tên Khách hàng | D28: ='GIA CONG ACRYLIC'!$H$7&"."&'GIA CONG ACRYLIC'!#REF!&"."&IF(LEN('GIA CONG ACRYLIC'!#REF!)=1,"00"&'GIA CONG ACRYLIC'!#REF!,IF(LEN('GIA CONG ACRYLIC'!#REF!)=2,"0"&'GIA CONG ACRYLIC'!#REF!,'GIA CONG ACRYLIC'!#REF!)) -> #REF! | E28: =IF('GIA CONG ACRYLIC'!#REF!=0,"",'GIA CONG ACRYLIC'!#REF!) -> #REF! | F28: =+'GIA CONG ACRYLIC'!#REF! -> #REF! | G28: =+'GIA CONG ACRYLIC'!#REF! -> #REF! | H28: =+'GIA CONG ACRYLIC'!#REF! -> #REF! | I28: 19 | J28: 2 | K28: =+'GIA CONG ACRYLIC'!#REF! -> #REF! | L28: ="T" -> T | M28: =IF('GIA CONG ACRYLIC'!#REF!='GIA CONG ACRYLIC'!#REF!,"V","T") -> #REF! | N28: ="T" -> T | O28: =IF('GIA CONG ACRYLIC'!#REF!='GIA CONG ACRYLIC'!#REF!,"V","T") -> #REF! | P28: 1e-05 | Q28: 1e-05 | R28: 1e-05 | S28: 1e-05 | T28: ='GIA CONG ACRYLIC'!#REF! -> #REF! | U28: 70 | V28: 70 | W28: 70 | X28: 70 | Y28: 60 | Z28: 60 | AA28: 60 | AB28: 60 | AC28: 10 | AD28: 6
A29: ="V" -> V | B29: ="ACRILYC" -> ACRILYC | C29: =RIGHT('GIA CONG ACRYLIC'!$C$8,LEN('GIA CONG ACRYLIC'!$C$8)-LEN("Khách hàng: "))&" "&'GIA CONG ACRYLIC'!$H$7 -> KH0000 - Tên Khách hàng | D29: ='GIA CONG ACRYLIC'!$H$7&"."&'GIA CONG ACRYLIC'!#REF!&"."&IF(LEN('GIA CONG ACRYLIC'!#REF!)=1,"00"&'GIA CONG ACRYLIC'!#REF!,IF(LEN('GIA CONG ACRYLIC'!#REF!)=2,"0"&'GIA CONG ACRYLIC'!#REF!,'GIA CONG ACRYLIC'!#REF!)) -> #REF! | E29: =IF('GIA CONG ACRYLIC'!#REF!=0,"",'GIA CONG ACRYLIC'!#REF!) -> #REF! | F29: =+'GIA CONG ACRYLIC'!#REF! -> #REF! | G29: =+'GIA CONG ACRYLIC'!#REF! -> #REF! | H29: =+'GIA CONG ACRYLIC'!#REF! -> #REF! | I29: 19 | J29: 2 | K29: =+'GIA CONG ACRYLIC'!#REF! -> #REF! | L29: ="T" -> T | M29: =IF('GIA CONG ACRYLIC'!#REF!='GIA CONG ACRYLIC'!#REF!,"V","T") -> #REF! | N29: ="T" -> T | O29: =IF('GIA CONG ACRYLIC'!#REF!='GIA CONG ACRYLIC'!#REF!,"V","T") -> #REF! | P29: 1e-05 | Q29: 1e-05 | R29: 1e-05 | S29: 1e-05 | T29: ='GIA CONG ACRYLIC'!#REF! -> #REF! | U29: 70 | V29: 70 | W29: 70 | X29: 70 | Y29: 60 | Z29: 60 | AA29: 60 | AB29: 60 | AC29: 10 | AD29: 6
A30: ="V" -> V | B30: ="ACRILYC" -> ACRILYC | C30: =RIGHT('GIA CONG ACRYLIC'!$C$8,LEN('GIA CONG ACRYLIC'!$C$8)-LEN("Khách hàng: "))&" "&'GIA CONG ACRYLIC'!$H$7 -> KH0000 - Tên Khách hàng | D30: ='GIA CONG ACRYLIC'!$H$7&"."&'GIA CONG ACRYLIC'!#REF!&"."&IF(LEN('GIA CONG ACRYLIC'!#REF!)=1,"00"&'GIA CONG ACRYLIC'!#REF!,IF(LEN('GIA CONG ACRYLIC'!#REF!)=2,"0"&'GIA CONG ACRYLIC'!#REF!,'GIA CONG ACRYLIC'!#REF!)) -> #REF! | E30: =IF('GIA CONG ACRYLIC'!#REF!=0,"",'GIA CONG ACRYLIC'!#REF!) -> #REF! | F30: =+'GIA CONG ACRYLIC'!#REF! -> #REF! | G30: =+'GIA CONG ACRYLIC'!#REF! -> #REF! | H30: =+'GIA CONG ACRYLIC'!#REF! -> #REF! | I30: 19 | J30: 2 | K30: =+'GIA CONG ACRYLIC'!#REF! -> #REF! | L30: ="T" -> T | M30: =IF('GIA CONG ACRYLIC'!#REF!='GIA CONG ACRYLIC'!#REF!,"V","T") -> #REF! | N30: ="T" -> T | O30: =IF('GIA CONG ACRYLIC'!#REF!='GIA CONG ACRYLIC'!#REF!,"V","T") -> #REF! | P30: 1e-05 | Q30: 1e-05 | R30: 1e-05 | S30: 1e-05 | T30: ='GIA CONG ACRYLIC'!#REF! -> #REF! | U30: 70 | V30: 70 | W30: 70 | X30: 70 | Y30: 60 | Z30: 60 | AA30: 60 | AB30: 60 | AC30: 10 | AD30: 6
A31: ="V" -> V | B31: ="ACRILYC" -> ACRILYC | C31: =RIGHT('GIA CONG ACRYLIC'!$C$8,LEN('GIA CONG ACRYLIC'!$C$8)-LEN("Khách hàng: "))&" "&'GIA CONG ACRYLIC'!$H$7 -> KH0000 - Tên Khách hàng | D31: ='GIA CONG ACRYLIC'!$H$7&"."&'GIA CONG ACRYLIC'!#REF!&"."&IF(LEN('GIA CONG ACRYLIC'!#REF!)=1,"00"&'GIA CONG ACRYLIC'!#REF!,IF(LEN('GIA CONG ACRYLIC'!#REF!)=2,"0"&'GIA CONG ACRYLIC'!#REF!,'GIA CONG ACRYLIC'!#REF!)) -> #REF! | E31: =IF('GIA CONG ACRYLIC'!#REF!=0,"",'GIA CONG ACRYLIC'!#REF!) -> #REF! | F31: =+'GIA CONG ACRYLIC'!#REF! -> #REF! | G31: =+'GIA CONG ACRYLIC'!#REF! -> #REF! | H31: =+'GIA CONG ACRYLIC'!#REF! -> #REF! | I31: 19 | J31: 2 | K31: =+'GIA CONG ACRYLIC'!#REF! -> #REF! | L31: ="T" -> T | M31: =IF('GIA CONG ACRYLIC'!#REF!='GIA CONG ACRYLIC'!#REF!,"V","T") -> #REF! | N31: ="T" -> T | O31: =IF('GIA CONG ACRYLIC'!#REF!='GIA CONG ACRYLIC'!#REF!,"V","T") -> #REF! | P31: 1e-05 | Q31: 1e-05 | R31: 1e-05 | S31: 1e-05 | T31: ='GIA CONG ACRYLIC'!#REF! -> #REF!
A32: ="V" -> V | B32: ="ACRILYC" -> ACRILYC | C32: =RIGHT('GIA CONG ACRYLIC'!$C$8,LEN('GIA CONG ACRYLIC'!$C$8)-LEN("Khách hàng: "))&" "&'GIA CONG ACRYLIC'!$H$7 -> KH0000 - Tên Khách hàng | D32: ='GIA CONG ACRYLIC'!$H$7&"."&'GIA CONG ACRYLIC'!#REF!&"."&IF(LEN('GIA CONG ACRYLIC'!#REF!)=1,"00"&'GIA CONG ACRYLIC'!#REF!,IF(LEN('GIA CONG ACRYLIC'!#REF!)=2,"0"&'GIA CONG ACRYLIC'!#REF!,'GIA CONG ACRYLIC'!#REF!)) -> #REF! | E32: =IF('GIA CONG ACRYLIC'!#REF!=0,"",'GIA CONG ACRYLIC'!#REF!) -> #REF! | F32: =+'GIA CONG ACRYLIC'!#REF! -> #REF! | G32: =+'GIA CONG ACRYLIC'!#REF! -> #REF! | H32: =+'GIA CONG ACRYLIC'!#REF! -> #REF! | I32: 19 | J32: 2 | K32: =+'GIA CONG ACRYLIC'!#REF! -> #REF! | L32: ="T" -> T | M32: =IF('GIA CONG ACRYLIC'!#REF!='GIA CONG ACRYLIC'!#REF!,"V","T") -> #REF! | N32: ="T" -> T | O32: =IF('GIA CONG ACRYLIC'!#REF!='GIA CONG ACRYLIC'!#REF!,"V","T") -> #REF! | P32: 1e-05 | Q32: 1e-05 | R32: 1e-05 | S32: 1e-05 | T32: ='GIA CONG ACRYLIC'!#REF! -> #REF!
A33: ="V" -> V | B33: ="ACRILYC" -> ACRILYC | C33: =RIGHT('GIA CONG ACRYLIC'!$C$8,LEN('GIA CONG ACRYLIC'!$C$8)-LEN("Khách hàng: "))&" "&'GIA CONG ACRYLIC'!$H$7 -> KH0000 - Tên Khách hàng | D33: ='GIA CONG ACRYLIC'!$H$7&"."&'GIA CONG ACRYLIC'!#REF!&"."&IF(LEN('GIA CONG ACRYLIC'!#REF!)=1,"00"&'GIA CONG ACRYLIC'!#REF!,IF(LEN('GIA CONG ACRYLIC'!#REF!)=2,"0"&'GIA CONG ACRYLIC'!#REF!,'GIA CONG ACRYLIC'!#REF!)) -> #REF! | E33: =IF('GIA CONG ACRYLIC'!#REF!=0,"",'GIA CONG ACRYLIC'!#REF!) -> #REF! | F33: =+'GIA CONG ACRYLIC'!#REF! -> #REF! | G33: =+'GIA CONG ACRYLIC'!#REF! -> #REF! | H33: =+'GIA CONG ACRYLIC'!#REF! -> #REF! | I33: 19 | J33: 2 | K33: =+'GIA CONG ACRYLIC'!#REF! -> #REF! | L33: ="T" -> T | M33: =IF('GIA CONG ACRYLIC'!#REF!='GIA CONG ACRYLIC'!#REF!,"V","T") -> #REF! | N33: ="T" -> T | O33: =IF('GIA CONG ACRYLIC'!#REF!='GIA CONG ACRYLIC'!#REF!,"V","T") -> #REF! | P33: 1e-05 | Q33: 1e-05 | R33: 1e-05 | S33: 1e-05 | T33: ='GIA CONG ACRYLIC'!#REF! -> #REF!
A34: ="V" -> V | B34: ="ACRILYC" -> ACRILYC | C34: =RIGHT('GIA CONG ACRYLIC'!$C$8,LEN('GIA CONG ACRYLIC'!$C$8)-LEN("Khách hàng: "))&" "&'GIA CONG ACRYLIC'!$H$7 -> KH0000 - Tên Khách hàng | D34: ='GIA CONG ACRYLIC'!$H$7&"."&'GIA CONG ACRYLIC'!#REF!&"."&IF(LEN('GIA CONG ACRYLIC'!#REF!)=1,"00"&'GIA CONG ACRYLIC'!#REF!,IF(LEN('GIA CONG ACRYLIC'!#REF!)=2,"0"&'GIA CONG ACRYLIC'!#REF!,'GIA CONG ACRYLIC'!#REF!)) -> #REF! | E34: =IF('GIA CONG ACRYLIC'!#REF!=0,"",'GIA CONG ACRYLIC'!#REF!) -> #REF! | F34: =+'GIA CONG ACRYLIC'!#REF! -> #REF! | G34: =+'GIA CONG ACRYLIC'!#REF! -> #REF! | H34: =+'GIA CONG ACRYLIC'!#REF! -> #REF! | I34: 19 | J34: 2 | K34: =+'GIA CONG ACRYLIC'!#REF! -> #REF! | L34: ="T" -> T | M34: =IF('GIA CONG ACRYLIC'!#REF!='GIA CONG ACRYLIC'!#REF!,"V","T") -> #REF! | N34: ="T" -> T | O34: =IF('GIA CONG ACRYLIC'!#REF!='GIA CONG ACRYLIC'!#REF!,"V","T") -> #REF! | P34: 1e-05 | Q34: 1e-05 | R34: 1e-05 | S34: 1e-05 | T34: ='GIA CONG ACRYLIC'!#REF! -> #REF! | U34: 70 | V34: 70 | W34: 70 | X34: 70 | Y34: 60 | Z34: 60 | AA34: 60 | AB34: 60 | AC34: 10 | AD34: 6
