Workbook

Sheet BÁO GIÁ HOÀN THIỆN
O1: KT m2/cánh nhỏ hơn 0.35m2 thì tính = 0.35m2
G2: BÁO GIÁ CÁNH KÍNH
G3: Ngày 10 tháng 03 năm 2026 | M3: Ngày giờ chốt đơn: | N3: 46091.446
G4: Số phiếu: | M4: Số ngày phải giao từ lúc chốt đơn: | N4: 5
B5: Khách hàng: KH0000 - Tên Khách hàng | M5: Ngày giờ phải giao hàng: | N5: =N3+N4 -> 46096.446
B6: Địa chỉ:
A7: Lời đầu tiên, xin trân trọng cảm ơn quý khách hàng đã quan tâm đến sản phẩm cánh kính của công ty chúng tôi. GERVIN xin gửi tới Quý Khách hàng bảng báo giá chi tiết như sau:
A8: STT | B8: TÊN SẢN PHẨM | C8: MÃ SP | D8: CHIỀU MỞ CÁNH | E8: MÀU NHÔM | F8: MÀU KÍNH | G8: KÍCH THƯỚC CÁNH | I8: ĐƠN VỊ | J8: SỐ LƯỢNG CÁNH | K8: KHỐI LƯỢNG (m2) | L8: ĐƠN GIÁ | M8: THÀNH TIỀN | N8: Ghi chú
G9: Dài (mm) | H9: Rộng (mm)
A10: GIÁ CÁNH KÍNH, KHUNG NHÔM HOÀN THIỆN:
A11: I. | B11: Cánh Kính màu 1 | J11: =SUM(J12:J12) -> 0 | K11: =SUM(K12:K12) -> 0
A12: 1 | B12: - Kính: 5mm cường lực - Khung Nhôm: Công nghệ mạ Anode, định hình bản nhôm 21x22mm dày 1.8mm - Tay nắm dài liền suốt cánh - Vị trí lề: như hình vẽ | C12: GK00 | I12: cánh | K12: =G12*H12*J12/1000000 -> 0 | M12: =K12*L12 -> 0 | O12: =G12*H12/1000000 -> 0
A13: 2 | B13: Bản lề thẳng | I13: cái | M13: =J13*L13 -> 0
K14: TỔNG CỘNG: | M14: =ROUND(SUM(M12:M13),-3) -> 0
A15: Bằng chữ: ./.
A16: Lưu ý:
A17: + Khách hàng phải kiểm tra và xác nhận đã nhận đầy đủ số lượng, tình trạng bên ngoài của hàng như hàng không bị xước hoặc hư hỏng.
A18: + Nếu khách hàng nhận hàng mà không kiểm tra hoặc bỏ qua bước kiểm tra và ký nhận thì bên cung cấp hàng không chịu trách nhiệm về việc hư hỏng hay thiếu sót hàng tính từ thời điểm giao xong hàng.
J20: Nghệ An, Ngày tháng năm 2024
B21: KHÁCH HÀNG | E21: KẾ TOÁN XÁC NHẬN | J21: ĐẠI DIỆN BÁN HÀNG
B22: (Ký, ghi rõ họ tên) | D22: (Ký, ghi rõ họ tên) | J22: (Ký, ghi rõ họ tên)
A24: * Giá trên chưa bao gồm 10% VAT, giá giao hàng tại xưởng.
A25: * Ứng trước 50% tiền đơn hàng gia công, thanh toán 50% còn lại trước khi lấy hàng tại kho, giao hàng tại nhà máy bên bán sau 3 đến 5 ngày.
A26: * Kích thước theo số đo đã được thống nhất.
A27: * Hàng đã mua không được đổi, trả lại (trừ khi có sự thỏa thuận trước)

Sheet ĐẶT KÍNH
A2: ĐƠN HÀNG KÍNH
E3: ='BÁO GIÁ HOÀN THIỆN'!G3 -> Ngày 10 tháng 03 năm 2026
E4: Số phiếu: | F4: ='BÁO GIÁ HOÀN THIỆN'!H4 -> 0
C6: Kính gửi quý Cty:
C7: Đề nghị quý Cty báo giá kính như dưới đây: | H7: ='BÁO GIÁ HOÀN THIỆN'!B5 -> Khách hàng: KH0000 - Tên Khách hàng
A9: TT | C9: TÊN SẢN PHẨM | D9: MÀU KÍNH | E9: ĐƠN VỊ | F9: KÍCH THƯỚC KÍNH | H9: SỐ LƯỢNG | I9: KHỐI LƯỢNG (m2) | J9: Ghi chú
F10: Dài | G10: RỘNG
A11: ='BÁO GIÁ HOÀN THIỆN'!A11 -> I. | C11: ='BÁO GIÁ HOÀN THIỆN'!B11 -> Cánh Kính màu 1 | H11: =SUM(H12:H12) -> 0 | I11: =SUM(I12:I12) -> 0
A12: ='BÁO GIÁ HOÀN THIỆN'!A12 -> 1 | B12: KINH CL 5LY XAM KHOI | C12: - Kính: 5mm cường lực | D12: ='BÁO GIÁ HOÀN THIỆN'!F12 -> 0 | E12: ='BÁO GIÁ HOÀN THIỆN'!I12 -> cánh | F12: ='BÁO GIÁ HOÀN THIỆN'!G12-4 -> -4 | G12: ='BÁO GIÁ HOÀN THIỆN'!H12-4 -> -4 | H12: ='BÁO GIÁ HOÀN THIỆN'!J12 -> 0 | I12: =F12*G12*H12/1000000 -> 0
C13: Bên giao lệnh | D13: Kế toán | F13: Kỹ thuật | I13: Quản đốc/P.QĐ
C14: (Ký, ghi rõ họ tên) | D14: (Ký, ghi rõ họ tên) | F14: (Ký, ghi rõ họ tên) | I14: (Ký, ghi rõ họ tên)

Sheet LỆNH GIA CÔNG CÁNH KÍNH
A2: LỆNH GIA CÔNG CÁNH KÍNH
E3: ='BÁO GIÁ HOÀN THIỆN'!G3 -> Ngày 10 tháng 03 năm 2026
E4: ='BÁO GIÁ HOÀN THIỆN'!G4 -> Số phiếu: | F4: ='BÁO GIÁ HOÀN THIỆN'!H4 -> 0
B6: ='BÁO GIÁ HOÀN THIỆN'!B5 -> Khách hàng: KH0000 - Tên Khách hàng
B7: ='BÁO GIÁ HOÀN THIỆN'!B6 -> Địa chỉ:
B8: Đề nghị BP Kỹ thuật gia công các sản phẩm dưới đây:
A9: TT | B9: TÊN SẢN PHẨM | C9: CHIỀU MỞ CÁNH | D9: MÀU NHÔM | E9: MÀU KÍNH | F9: ĐƠN VỊ | G9: KÍCH THƯỚC CÁNH KÍNH | I9: SỐ LƯỢNG CÁNH KÍNH (cái) | J9: KHỐI LƯỢNG (m2) | K9: Ghi chú
G10: Dài (mm) | H10: Rộng (mm)
A11: ='BÁO GIÁ HOÀN THIỆN'!A11 -> I. | B11: ='BÁO GIÁ HOÀN THIỆN'!B11 -> Cánh Kính màu 1 | I11: =SUM(I12:I12) -> 0 | J11: =SUM(J12:J12) -> 0
A12: ='BÁO GIÁ HOÀN THIỆN'!A12 -> 1 | B12: ='BÁO GIÁ HOÀN THIỆN'!B12 -> - Kính: 5mm cường lực - Khung Nhôm: Công nghệ mạ Anode, định hình bản nhôm 21x22mm dày 1.8mm - Tay nắm dài liền suốt cánh - Vị trí lề: như hình vẽ | C12: ='BÁO GIÁ HOÀN THIỆN'!D12 -> 0 | D12: ='BÁO GIÁ HOÀN THIỆN'!E12 -> 0 | E12: ='BÁO GIÁ HOÀN THIỆN'!F12 -> 0 | F12: ='BÁO GIÁ HOÀN THIỆN'!I12 -> cánh | G12: ='BÁO GIÁ HOÀN THIỆN'!G12 -> 0 | H12: ='BÁO GIÁ HOÀN THIỆN'!H12 -> 0 | I12: ='BÁO GIÁ HOÀN THIỆN'!J12 -> 0 | J12: ='BÁO GIÁ HOÀN THIỆN'!K12 -> 0 | K12: ='BÁO GIÁ HOÀN THIỆN'!N12 -> 0
B13: Bên giao lệnh | C13: Kế toán | G13: Kỹ thuật | J13: Quản đốc/P.QĐ
B14: (Ký, ghi rõ họ tên) | C14: (Ký, ghi rõ họ tên) | G14: (Ký, ghi rõ họ tên) | J14: (Ký, ghi rõ họ tên)

Sheet XUẤT KHO VẬT LIỆU
F3: PHIẾU XUẤT KHO
F4: ='BÁO GIÁ HOÀN THIỆN'!G3 -> Ngày 10 tháng 03 năm 2026
F5: Số phiếu:
C6: ='BÁO GIÁ HOÀN THIỆN'!B5 -> Khách hàng: KH0000 - Tên Khách hàng
C7: ='BÁO GIÁ HOÀN THIỆN'!B6 -> Địa chỉ:
B9: STT | C9: TÊN SẢN PHẨM | D9: SỐ LƯỢNG CÁNH KINH | E9: TÊN VẬT LIỆU XUẤT KHO | F9: MÃ SP | G9: MÀU NHÔM | H9: CHIỀU DÀI THANH NHÔM (mm) | I9: CHIỀU DÀI TAY NẮM (mm) | J9: ĐƠN VỊ | K9: SỐ LƯỢNG | L9: Ghi chú
B11: GIÁ CÁNH KÍNH, KHUNG NHÔM HOÀN THIỆN:
B12: I. | E12: Thanh nhôm màu 1
B13: 1 | C13: - Kính: 5mm cường lực - Khung Nhôm: Công nghệ mạ Anode, định hình bản nhôm 21x22mm dày 1.8mm - Tay cánh: CNC dài 1100mm | D13: 6 | E13: Tay cánh PHẢI màu ghi dày 1.8mm, đúc liền dài 1100mm, chiều dài khung cánh 2800mm | G13: Màu ghi(G) | H13: 2800 | I13: 1100 | J13: thanh | K13: 3 | L13: 3 cánh phải, 3 cánh trái Chia đều 4 bản lề
B14: 2 | E14: Tay cánh TRÁI màu ghi dày 1.8mm, đúc liền dài 1100mm, chiều dài khung cánh 2800mm | G14: Màu ghi(G) | H14: 2800 | I14: 1100 | J14: thanh | K14: 3
B15: 3 | E15: Khung nhôm màu ghi dày 1.8mm, chiều dài khung 3200mm | G15: Màu ghi(G) | H15: 3200 | I15: 200 | J15: thanh | K15: 6
B16: II. | E16: Thanh nhôm màu 2 | K16: =SUM(K17:K17) -> 6
B17: 1 | C17: - Kính: 5mm cường lực - Khung Nhôm: Công nghệ mạ Anode, định hình bản nhôm 21x22mm dày 1.8mm - Tay cánh: CNC dài 200mm | D17: 6 | E17: Tay cánh màu ghi dày 1.8mm, đúc liền dài 200mm, chiều dài khung cánh 2800mm | G17: Màu ghi(G) | J17: thanh | K17: 6 | L17: 3 cánh phải, 3 cánh trái. Chia đều 2 bản lề
B18: 2 | E18: Ốc lục giác màu ghi | G18: =G13 -> Màu ghi(G) | J18: cái | K18: =12*16 -> 192 | L18: Màu ốc xuất đúng màu nhôm. Mỗi cánh kính có 16 ốc
B19: 3 | E19: Ke góc sắt nhôm 22 | J19: cái | K19: =12*4 -> 48 | L19: Mỗi cánh kính có 4 ke.
B20: 4 | E20: Bản lề | J20: cái | K20: =D13*4+D17*2 -> 36
E22: THỦ KHO | I22: NGƯỜI NHẬN
E23: (Ký, ghi rõ họ tên) | I23: (Ký, ghi rõ họ tên)

Sheet DH
A1: STT | B1: TENHANGHOA | C1: MAHANGHOA | D1: CANHVAT | E1: CHIEUVAN | F1: GHICHUND | G1: CHIEUDAI | H1: CHIEURONG | J1: SOLUONG | K1: KHOILUONG | L1: DONGIA | M1: SOTIENVND | O1: SODONHANG | P1: NGAYGIOCHOT | Q1: SONGAY | R1: NGAYGIAO | S1: CANHVAT | T1: CHIEUVAN | U1: CANH | V1: THANHPHAO | W1: DONGIACHI | X1: DONGIAGIANTHANG | Y1: DONGIAGIANVAT | Z1: SOMETDANTHANG | AA1: SOMETDANVAT | AB1: SOMETDANMOI | AC1: SOMETDANBR1759 | AD1: SOMETDANBR2535 | AE1: CONGDAN | AF1: SOVATTAYNAMAM | AG1: SOTAMCNC
G2: BÁO GIÁ CÁNH KÍNH
G3: Ngày 13 tháng 1 năm 2024
G4: Số phiếu:
B5: Khách hàng: KH0158 - Anh Túc
B6: Địa chỉ: 85 Hồ Ngọc Lãm, TP.Vinh, Nghệ An (0965 563 879)
A7: Lời đầu tiền, xin trân trọng cảm ơn quý khách hàng đã quan tâm đến sản phẩm cánh kính của công ty chúng tôi. GERVIN xin gửi tới Quý Khách hàng bảng báo giá chi tiết như sau:
A8: STT | B8: TÊN SẢN PHẨM | C8: MÃ SP | D8: CHIỀU MỞ CÁNH | E8: MÀU NHÔM | F8: MÀU KÍNH | G8: KÍCH THƯỚC CÁNH | I8: ĐƠN VỊ | J8: SỐ LƯỢNG CÁNH | K8: KHỐI LƯỢNG (m2) | L8: ĐƠN GIÁ | M8: THÀNH TIỀN | N8: Ghi chú | O8: ĐƠN HÀNG | P8: Ngày giờ chốt đơn: | Q8: Số ngày phải giao từ lúc chốt đơn: | R8: Ngày giờ phải giao hàng:
G9: Cao (mm) | H9: Rộng (mm)
A10: =IF('BÁO GIÁ HOÀN THIỆN'!A10="","",'BÁO GIÁ HOÀN THIỆN'!A10) -> GIÁ CÁNH KÍNH, KHUNG NHÔM HOÀN THIỆN: | B10: =IF('BÁO GIÁ HOÀN THIỆN'!B10="","",'BÁO GIÁ HOÀN THIỆN'!B10) | C10: =IF('BÁO GIÁ HOÀN THIỆN'!C10="","",'BÁO GIÁ HOÀN THIỆN'!C10) | D10: =IF('BÁO GIÁ HOÀN THIỆN'!D10="","",'BÁO GIÁ HOÀN THIỆN'!D10) | E10: =IF('BÁO GIÁ HOÀN THIỆN'!E10="","",'BÁO GIÁ HOÀN THIỆN'!E10) | F10: =IF('BÁO GIÁ HOÀN THIỆN'!F10="","",'BÁO GIÁ HOÀN THIỆN'!F10) | G10: =IF('BÁO GIÁ HOÀN THIỆN'!G10="","",'BÁO GIÁ HOÀN THIỆN'!G10) | H10: =IF('BÁO GIÁ HOÀN THIỆN'!H10="","",'BÁO GIÁ HOÀN THIỆN'!H10) | ... N10: =IF('BÁO GIÁ HOÀN THIỆN'!N10="","",'BÁO GIÁ HOÀN THIỆN'!N10) | O10: ='BÁO GIÁ HOÀN THIỆN'!$H$4 -> 0 | P10: ='BÁO GIÁ HOÀN THIỆN'!$N$3 -> 46091.446 | Q10: ='BÁO GIÁ HOÀN THIỆN'!$N$4 -> 5 | R10: ='BÁO GIÁ HOÀN THIỆN'!$N$5 -> 46096.446
A11: =IF('BÁO GIÁ HOÀN THIỆN'!A11="","",'BÁO GIÁ HOÀN THIỆN'!A11) -> I. | B11: =IF('BÁO GIÁ HOÀN THIỆN'!B11="","",'BÁO GIÁ HOÀN THIỆN'!B11) -> Cánh Kính màu 1 | C11: =IF('BÁO GIÁ HOÀN THIỆN'!C11="","",'BÁO GIÁ HOÀN THIỆN'!C11) | D11: =IF('BÁO GIÁ HOÀN THIỆN'!D11="","",'BÁO GIÁ HOÀN THIỆN'!D11) | E11: =IF('BÁO GIÁ HOÀN THIỆN'!E11="","",'BÁO GIÁ HOÀN THIỆN'!E11) | F11: =IF('BÁO GIÁ HOÀN THIỆN'!F11="","",'BÁO GIÁ HOÀN THIỆN'!F11) | G11: =IF('BÁO GIÁ HOÀN THIỆN'!G11="","",'BÁO GIÁ HOÀN THIỆN'!G11) | H11: =IF('BÁO GIÁ HOÀN THIỆN'!H11="","",'BÁO GIÁ HOÀN THIỆN'!H11) | ... N11: =IF('BÁO GIÁ HOÀN THIỆN'!N11="","",'BÁO GIÁ HOÀN THIỆN'!N11) | O11: ='BÁO GIÁ HOÀN THIỆN'!$H$4 -> 0 | P11: ='BÁO GIÁ HOÀN THIỆN'!$N$3 -> 46091.446 | Q11: ='BÁO GIÁ HOÀN THIỆN'!$N$4 -> 5 | R11: ='BÁO GIÁ HOÀN THIỆN'!$N$5 -> 46096.446
A12: =IF('BÁO GIÁ HOÀN THIỆN'!A12="","",'BÁO GIÁ HOÀN THIỆN'!A12) -> 1 | B12: =IF('BÁO GIÁ HOÀN THIỆN'!B12="","",'BÁO GIÁ HOÀN THIỆN'!B12) -> - Kính: 5mm cường lực - Khung Nhôm: Công nghệ mạ Anode, định hình bản nhôm 21x22mm dày 1.8mm - Tay nắm dài liền suốt cánh - Vị trí lề: như hình vẽ | C12: =IF('BÁO GIÁ HOÀN THIỆN'!C12="","",'BÁO GIÁ HOÀN THIỆN'!C12) -> GK00 | D12: =IF('BÁO GIÁ HOÀN THIỆN'!D12="","",'BÁO GIÁ HOÀN THIỆN'!D12) | E12: =IF('BÁO GIÁ HOÀN THIỆN'!E12="","",'BÁO GIÁ HOÀN THIỆN'!E12) | F12: =IF('BÁO GIÁ HOÀN THIỆN'!F12="","",'BÁO GIÁ HOÀN THIỆN'!F12) | G12: =IF('BÁO GIÁ HOÀN THIỆN'!G12="","",'BÁO GIÁ HOÀN THIỆN'!G12) | H12: =IF('BÁO GIÁ HOÀN THIỆN'!H12="","",'BÁO GIÁ HOÀN THIỆN'!H12) | ... N12: =IF('BÁO GIÁ HOÀN THIỆN'!N12="","",'BÁO GIÁ HOÀN THIỆN'!N12) | O12: ='BÁO GIÁ HOÀN THIỆN'!$H$4 -> 0 | P12: ='BÁO GIÁ HOÀN THIỆN'!$N$3 -> 46091.446 | Q12: ='BÁO GIÁ HOÀN THIỆN'!$N$4 -> 5 | R12: ='BÁO GIÁ HOÀN THIỆN'!$N$5 -> 46096.446
A13: =IF('BÁO GIÁ HOÀN THIỆN'!A13="","",'BÁO GIÁ HOÀN THIỆN'!A13) -> 2 | B13: =IF('BÁO GIÁ HOÀN THIỆN'!B13="","",'BÁO GIÁ HOÀN THIỆN'!B13) -> Bản lề thẳng | C13: =IF('BÁO GIÁ HOÀN THIỆN'!C13="","",'BÁO GIÁ HOÀN THIỆN'!C13) | D13: =IF('BÁO GIÁ HOÀN THIỆN'!D13="","",'BÁO GIÁ HOÀN THIỆN'!D13) | E13: =IF('BÁO GIÁ HOÀN THIỆN'!E13="","",'BÁO GIÁ HOÀN THIỆN'!E13) | F13: =IF('BÁO GIÁ HOÀN THIỆN'!F13="","",'BÁO GIÁ HOÀN THIỆN'!F13) | G13: =IF('BÁO GIÁ HOÀN THIỆN'!G13="","",'BÁO GIÁ HOÀN THIỆN'!G13) | H13: =IF('BÁO GIÁ HOÀN THIỆN'!H13="","",'BÁO GIÁ HOÀN THIỆN'!H13) | ... N13: =IF('BÁO GIÁ HOÀN THIỆN'!N13="","",'BÁO GIÁ HOÀN THIỆN'!N13) | O13: ='BÁO GIÁ HOÀN THIỆN'!$H$4 -> 0 | P13: ='BÁO GIÁ HOÀN THIỆN'!$N$3 -> 46091.446 | Q13: ='BÁO GIÁ HOÀN THIỆN'!$N$4 -> 5 | R13: ='BÁO GIÁ HOÀN THIỆN'!$N$5 -> 46096.446
A14: =IF('BÁO GIÁ HOÀN THIỆN'!A14="","",'BÁO GIÁ HOÀN THIỆN'!A14) | B14: =IF('BÁO GIÁ HOÀN THIỆN'!B14="","",'BÁO GIÁ HOÀN THIỆN'!B14) | C14: =IF('BÁO GIÁ HOÀN THIỆN'!C14="","",'BÁO GIÁ HOÀN THIỆN'!C14) | D14: =IF('BÁO GIÁ HOÀN THIỆN'!D14="","",'BÁO GIÁ HOÀN THIỆN'!D14) | E14: =IF('BÁO GIÁ HOÀN THIỆN'!E14="","",'BÁO GIÁ HOÀN THIỆN'!E14) | F14: =IF('BÁO GIÁ HOÀN THIỆN'!F14="","",'BÁO GIÁ HOÀN THIỆN'!F14) | G14: =IF('BÁO GIÁ HOÀN THIỆN'!G14="","",'BÁO GIÁ HOÀN THIỆN'!G14) | H14: =IF('BÁO GIÁ HOÀN THIỆN'!H14="","",'BÁO GIÁ HOÀN THIỆN'!H14) | ... N14: =IF('BÁO GIÁ HOÀN THIỆN'!N14="","",'BÁO GIÁ HOÀN THIỆN'!N14) | O14: ='BÁO GIÁ HOÀN THIỆN'!$H$4 -> 0 | P14: ='BÁO GIÁ HOÀN THIỆN'!$N$3 -> 46091.446 | Q14: ='BÁO GIÁ HOÀN THIỆN'!$N$4 -> 5 | R14: ='BÁO GIÁ HOÀN THIỆN'!$N$5 -> 46096.446
A15: =IF('BÁO GIÁ HOÀN THIỆN'!#REF!="","",'BÁO GIÁ HOÀN THIỆN'!#REF!) -> #REF! | B15: =IF('BÁO GIÁ HOÀN THIỆN'!#REF!="","",'BÁO GIÁ HOÀN THIỆN'!#REF!) -> #REF! | C15: =IF('BÁO GIÁ HOÀN THIỆN'!#REF!="","",'BÁO GIÁ HOÀN THIỆN'!#REF!) -> #REF! | D15: =IF('BÁO GIÁ HOÀN THIỆN'!#REF!="","",'BÁO GIÁ HOÀN THIỆN'!#REF!) -> #REF! | E15: =IF('BÁO GIÁ HOÀN THIỆN'!#REF!="","",'BÁO GIÁ HOÀN THIỆN'!#REF!) -> #REF! | F15: =IF('BÁO GIÁ HOÀN THIỆN'!#REF!="","",'BÁO GIÁ HOÀN THIỆN'!#REF!) -> #REF! | G15: =IF('BÁO GIÁ HOÀN THIỆN'!#REF!="","",'BÁO GIÁ HOÀN THIỆN'!#REF!) -> #REF! | H15: =IF('BÁO GIÁ HOÀN THIỆN'!#REF!="","",'BÁO GIÁ HOÀN THIỆN'!#REF!) -> #REF! | ... N15: =IF('BÁO GIÁ HOÀN THIỆN'!#REF!="","",'BÁO GIÁ HOÀN THIỆN'!#REF!) -> #REF! | O15: ='BÁO GIÁ HOÀN THIỆN'!$H$4 -> 0 | P15: ='BÁO GIÁ HOÀN THIỆN'!$N$3 -> 46091.446 | Q15: ='BÁO GIÁ HOÀN THIỆN'!$N$4 -> 5 | R15: ='BÁO GIÁ HOÀN THIỆN'!$N$5 -> 46096.446
A16: =IF('BÁO GIÁ HOÀN THIỆN'!#REF!="","",'BÁO GIÁ HOÀN THIỆN'!#REF!) -> #REF! | B16: =IF('BÁO GIÁ HOÀN THIỆN'!#REF!="","",'BÁO GIÁ HOÀN THIỆN'!#REF!) -> #REF! | C16: =IF('BÁO GIÁ HOÀN THIỆN'!#REF!="","",'BÁO GIÁ HOÀN THIỆN'!#REF!) -> #REF! | D16: =IF('BÁO GIÁ HOÀN THIỆN'!#REF!="","",'BÁO GIÁ HOÀN THIỆN'!#REF!) -> #REF! | E16: =IF('BÁO GIÁ HOÀN THIỆN'!#REF!="","",'BÁO GIÁ HOÀN THIỆN'!#REF!) -> #REF! | F16: =IF('BÁO GIÁ HOÀN THIỆN'!#REF!="","",'BÁO GIÁ HOÀN THIỆN'!#REF!) -> #REF! | G16: =IF('BÁO GIÁ HOÀN THIỆN'!#REF!="","",'BÁO GIÁ HOÀN THIỆN'!#REF!) -> #REF! | H16: =IF('BÁO GIÁ HOÀN THIỆN'!#REF!="","",'BÁO GIÁ HOÀN THIỆN'!#REF!) -> #REF! | ... N16: =IF('BÁO GIÁ HOÀN THIỆN'!#REF!="","",'BÁO GIÁ HOÀN THIỆN'!#REF!) -> #REF! | O16: ='BÁO GIÁ HOÀN THIỆN'!$H$4 -> 0 | P16: ='BÁO GIÁ HOÀN THIỆN'!$N$3 -> 46091.446 | Q16: ='BÁO GIÁ HOÀN THIỆN'!$N$4 -> 5 | R16: ='BÁO GIÁ HOÀN THIỆN'!$N$5 -> 46096.446
A17: =IF('BÁO GIÁ HOÀN THIỆN'!A15="","",'BÁO GIÁ HOÀN THIỆN'!A15) -> Bằng chữ: ./. | B17: =IF('BÁO GIÁ HOÀN THIỆN'!B15="","",'BÁO GIÁ HOÀN THIỆN'!B15) | C17: =IF('BÁO GIÁ HOÀN THIỆN'!C15="","",'BÁO GIÁ HOÀN THIỆN'!C15) | D17: =IF('BÁO GIÁ HOÀN THIỆN'!D15="","",'BÁO GIÁ HOÀN THIỆN'!D15) | E17: =IF('BÁO GIÁ HOÀN THIỆN'!E15="","",'BÁO GIÁ HOÀN THIỆN'!E15) | F17: =IF('BÁO GIÁ HOÀN THIỆN'!F15="","",'BÁO GIÁ HOÀN THIỆN'!F15) | G17: =IF('BÁO GIÁ HOÀN THIỆN'!G15="","",'BÁO GIÁ HOÀN THIỆN'!G15) | H17: =IF('BÁO GIÁ HOÀN THIỆN'!H15="","",'BÁO GIÁ HOÀN THIỆN'!H15) | ... N17: =IF('BÁO GIÁ HOÀN THIỆN'!N15="","",'BÁO GIÁ HOÀN THIỆN'!N15) | O17: ='BÁO GIÁ HOÀN THIỆN'!$H$4 -> 0 | P17: ='BÁO GIÁ HOÀN THIỆN'!$N$3 -> 46091.446 | Q17: ='BÁO GIÁ HOÀN THIỆN'!$N$4 -> 5 | R17: ='BÁO GIÁ HOÀN THIỆN'!$N$5 -> 46096.446
A18: =IF('BÁO GIÁ HOÀN THIỆN'!A16="","",'BÁO GIÁ HOÀN THIỆN'!A16) -> Lưu ý: | B18: =IF('BÁO GIÁ HOÀN THIỆN'!B16="","",'BÁO GIÁ HOÀN THIỆN'!B16) | C18: =IF('BÁO GIÁ HOÀN THIỆN'!C16="","",'BÁO GIÁ HOÀN THIỆN'!C16) | D18: =IF('BÁO GIÁ HOÀN THIỆN'!D16="","",'BÁO GIÁ HOÀN THIỆN'!D16) | E18: =IF('BÁO GIÁ HOÀN THIỆN'!E16="","",'BÁO GIÁ HOÀN THIỆN'!E16) | F18: =IF('BÁO GIÁ HOÀN THIỆN'!F16="","",'BÁO GIÁ HOÀN THIỆN'!F16) | G18: =IF('BÁO GIÁ HOÀN THIỆN'!G16="","",'BÁO GIÁ HOÀN THIỆN'!G16) | H18: =IF('BÁO GIÁ HOÀN THIỆN'!H16="","",'BÁO GIÁ HOÀN THIỆN'!H16) | ... N18: =IF('BÁO GIÁ HOÀN THIỆN'!N16="","",'BÁO GIÁ HOÀN THIỆN'!N16) | O18: ='BÁO GIÁ HOÀN THIỆN'!$H$4 -> 0 | P18: ='BÁO GIÁ HOÀN THIỆN'!$N$3 -> 46091.446 | Q18: ='BÁO GIÁ HOÀN THIỆN'!$N$4 -> 5 | R18: ='BÁO GIÁ HOÀN THIỆN'!$N$5 -> 46096.446
A19: =IF('BÁO GIÁ HOÀN THIỆN'!A17="","",'BÁO GIÁ HOÀN THIỆN'!A17) -> + Khách hàng phải kiểm tra và xác nhận đã nhận đầy đủ số lượng, tình trạng bên ngoài của hàng như hàng không bị xước hoặc hư hỏng. | B19: =IF('BÁO GIÁ HOÀN THIỆN'!B17="","",'BÁO GIÁ HOÀN THIỆN'!B17) | C19: =IF('BÁO GIÁ HOÀN THIỆN'!C17="","",'BÁO GIÁ HOÀN THIỆN'!C17) | D19: =IF('BÁO GIÁ HOÀN THIỆN'!D17="","",'BÁO GIÁ HOÀN THIỆN'!D17) | E19: =IF('BÁO GIÁ HOÀN THIỆN'!E17="","",'BÁO GIÁ HOÀN THIỆN'!E17) | F19: =IF('BÁO GIÁ HOÀN THIỆN'!F17="","",'BÁO GIÁ HOÀN THIỆN'!F17) | G19: =IF('BÁO GIÁ HOÀN THIỆN'!G17="","",'BÁO GIÁ HOÀN THIỆN'!G17) | H19: =IF('BÁO GIÁ HOÀN THIỆN'!H17="","",'BÁO GIÁ HOÀN THIỆN'!H17) | ... N19: =IF('BÁO GIÁ HOÀN THIỆN'!N17="","",'BÁO GIÁ HOÀN THIỆN'!N17) | O19: ='BÁO GIÁ HOÀN THIỆN'!$H$4 -> 0 | P19: ='BÁO GIÁ HOÀN THIỆN'!$N$3 -> 46091.446 | Q19: ='BÁO GIÁ HOÀN THIỆN'!$N$4 -> 5 | R19: ='BÁO GIÁ HOÀN THIỆN'!$N$5 -> 46096.446
A20: =IF('BÁO GIÁ HOÀN THIỆN'!A18="","",'BÁO GIÁ HOÀN THIỆN'!A18) -> + Nếu khách hàng nhận hàng mà không kiểm tra hoặc bỏ qua bước kiểm tra và ký nhận thì bên cung cấp hàng không chịu trách nhiệm về việc hư hỏng hay thiếu sót hàng tính từ thời điểm giao xong hàng. | B20: =IF('BÁO GIÁ HOÀN THIỆN'!B18="","",'BÁO GIÁ HOÀN THIỆN'!B18) | C20: =IF('BÁO GIÁ HOÀN THIỆN'!C18="","",'BÁO GIÁ HOÀN THIỆN'!C18) | D20: =IF('BÁO GIÁ HOÀN THIỆN'!D18="","",'BÁO GIÁ HOÀN THIỆN'!D18) | E20: =IF('BÁO GIÁ HOÀN THIỆN'!E18="","",'BÁO GIÁ HOÀN THIỆN'!E18) | F20: =IF('BÁO GIÁ HOÀN THIỆN'!F18="","",'BÁO GIÁ HOÀN THIỆN'!F18) | G20: =IF('BÁO GIÁ HOÀN THIỆN'!G18="","",'BÁO GIÁ HOÀN THIỆN'!G18) | H20: =IF('BÁO GIÁ HOÀN THIỆN'!H18="","",'BÁO GIÁ HOÀN THIỆN'!H18) | ... N20: =IF('BÁO GIÁ HOÀN THIỆN'!N18="","",'BÁO GIÁ HOÀN THIỆN'!N18) | O20: ='BÁO GIÁ HOÀN THIỆN'!$H$4 -> 0 | P20: ='BÁO GIÁ HOÀN THIỆN'!$N$3 -> 46091.446 | Q20: ='BÁO GIÁ HOÀN THIỆN'!$N$4 -> 5 | R20: ='BÁO GIÁ HOÀN THIỆN'!$N$5 -> 46096.446
A21: =IF('BÁO GIÁ HOÀN THIỆN'!A19="","",'BÁO GIÁ HOÀN THIỆN'!A19) | B21: =IF('BÁO GIÁ HOÀN THIỆN'!B19="","",'BÁO GIÁ HOÀN THIỆN'!B19) | C21: =IF('BÁO GIÁ HOÀN THIỆN'!C19="","",'BÁO GIÁ HOÀN THIỆN'!C19) | D21: =IF('BÁO GIÁ HOÀN THIỆN'!D19="","",'BÁO GIÁ HOÀN THIỆN'!D19) | E21: =IF('BÁO GIÁ HOÀN THIỆN'!E19="","",'BÁO GIÁ HOÀN THIỆN'!E19) | F21: =IF('BÁO GIÁ HOÀN THIỆN'!F19="","",'BÁO GIÁ HOÀN THIỆN'!F19) | G21: =IF('BÁO GIÁ HOÀN THIỆN'!G19="","",'BÁO GIÁ HOÀN THIỆN'!G19) | H21: =IF('BÁO GIÁ HOÀN THIỆN'!H19="","",'BÁO GIÁ HOÀN THIỆN'!H19) | ... N21: =IF('BÁO GIÁ HOÀN THIỆN'!N19="","",'BÁO GIÁ HOÀN THIỆN'!N19) | O21: ='BÁO GIÁ HOÀN THIỆN'!$H$4 -> 0 | P21: ='BÁO GIÁ HOÀN THIỆN'!$N$3 -> 46091.446 | Q21: ='BÁO GIÁ HOÀN THIỆN'!$N$4 -> 5 | R21: ='BÁO GIÁ HOÀN THIỆN'!$N$5 -> 46096.446
A22: =IF('BÁO GIÁ HOÀN THIỆN'!A20="","",'BÁO GIÁ HOÀN THIỆN'!A20) | B22: =IF('BÁO GIÁ HOÀN THIỆN'!B20="","",'BÁO GIÁ HOÀN THIỆN'!B20) | C22: =IF('BÁO GIÁ HOÀN THIỆN'!C20="","",'BÁO GIÁ HOÀN THIỆN'!C20) | D22: =IF('BÁO GIÁ HOÀN THIỆN'!D20="","",'BÁO GIÁ HOÀN THIỆN'!D20) | E22: =IF('BÁO GIÁ HOÀN THIỆN'!E20="","",'BÁO GIÁ HOÀN THIỆN'!E20) | F22: =IF('BÁO GIÁ HOÀN THIỆN'!F20="","",'BÁO GIÁ HOÀN THIỆN'!F20) | G22: =IF('BÁO GIÁ HOÀN THIỆN'!G20="","",'BÁO GIÁ HOÀN THIỆN'!G20) | H22: =IF('BÁO GIÁ HOÀN THIỆN'!H20="","",'BÁO GIÁ HOÀN THIỆN'!H20) | ... N22: =IF('BÁO GIÁ HOÀN THIỆN'!N20="","",'BÁO GIÁ HOÀN THIỆN'!N20) | O22: ='BÁO GIÁ HOÀN THIỆN'!$H$4 -> 0 | P22: ='BÁO GIÁ HOÀN THIỆN'!$N$3 -> 46091.446 | Q22: ='BÁO GIÁ HOÀN THIỆN'!$N$4 -> 5 | R22: ='BÁO GIÁ HOÀN THIỆN'!$N$5 -> 46096.446
A23: =IF('BÁO GIÁ HOÀN THIỆN'!A21="","",'BÁO GIÁ HOÀN THIỆN'!A21) | B23: =IF('BÁO GIÁ HOÀN THIỆN'!B21="","",'BÁO GIÁ HOÀN THIỆN'!B21) -> KHÁCH HÀNG | C23: =IF('BÁO GIÁ HOÀN THIỆN'!C21="","",'BÁO GIÁ HOÀN THIỆN'!C21) | D23: =IF('BÁO GIÁ HOÀN THIỆN'!D21="","",'BÁO GIÁ HOÀN THIỆN'!D21) | E23: =IF('BÁO GIÁ HOÀN THIỆN'!E21="","",'BÁO GIÁ HOÀN THIỆN'!E21) -> KẾ TOÁN XÁC NHẬN | F23: =IF('BÁO GIÁ HOÀN THIỆN'!F21="","",'BÁO GIÁ HOÀN THIỆN'!F21) | G23: =IF('BÁO GIÁ HOÀN THIỆN'!G21="","",'BÁO GIÁ HOÀN THIỆN'!G21) | H23: =IF('BÁO GIÁ HOÀN THIỆN'!H21="","",'BÁO GIÁ HOÀN THIỆN'!H21) | ... N23: =IF('BÁO GIÁ HOÀN THIỆN'!N21="","",'BÁO GIÁ HOÀN THIỆN'!N21) | O23: ='BÁO GIÁ HOÀN THIỆN'!$H$4 -> 0 | P23: ='BÁO GIÁ HOÀN THIỆN'!$N$3 -> 46091.446 | Q23: ='BÁO GIÁ HOÀN THIỆN'!$N$4 -> 5 | R23: ='BÁO GIÁ HOÀN THIỆN'!$N$5 -> 46096.446
A24: =IF('BÁO GIÁ HOÀN THIỆN'!A22="","",'BÁO GIÁ HOÀN THIỆN'!A22) | B24: =IF('BÁO GIÁ HOÀN THIỆN'!B22="","",'BÁO GIÁ HOÀN THIỆN'!B22) -> (Ký, ghi rõ họ tên) | C24: =IF('BÁO GIÁ HOÀN THIỆN'!C22="","",'BÁO GIÁ HOÀN THIỆN'!C22) | D24: =IF('BÁO GIÁ HOÀN THIỆN'!D22="","",'BÁO GIÁ HOÀN THIỆN'!D22) -> (Ký, ghi rõ họ tên) | E24: =IF('BÁO GIÁ HOÀN THIỆN'!E22="","",'BÁO GIÁ HOÀN THIỆN'!E22) | F24: =IF('BÁO GIÁ HOÀN THIỆN'!F22="","",'BÁO GIÁ HOÀN THIỆN'!F22) | G24: =IF('BÁO GIÁ HOÀN THIỆN'!G22="","",'BÁO GIÁ HOÀN THIỆN'!G22) | H24: =IF('BÁO GIÁ HOÀN THIỆN'!H22="","",'BÁO GIÁ HOÀN THIỆN'!H22) | ... N24: =IF('BÁO GIÁ HOÀN THIỆN'!N22="","",'BÁO GIÁ HOÀN THIỆN'!N22) | O24: ='BÁO GIÁ HOÀN THIỆN'!$H$4 -> 0 | P24: ='BÁO GIÁ HOÀN THIỆN'!$N$3 -> 46091.446 | Q24: ='BÁO GIÁ HOÀN THIỆN'!$N$4 -> 5 | R24: ='BÁO GIÁ HOÀN THIỆN'!$N$5 -> 46096.446
A25: =IF('BÁO GIÁ HOÀN THIỆN'!A23="","",'BÁO GIÁ HOÀN THIỆN'!A23) | B25: =IF('BÁO GIÁ HOÀN THIỆN'!B23="","",'BÁO GIÁ HOÀN THIỆN'!B23) | C25: =IF('BÁO GIÁ HOÀN THIỆN'!C23="","",'BÁO GIÁ HOÀN THIỆN'!C23) | D25: =IF('BÁO GIÁ HOÀN THIỆN'!D23="","",'BÁO GIÁ HOÀN THIỆN'!D23) | E25: =IF('BÁO GIÁ HOÀN THIỆN'!E23="","",'BÁO GIÁ HOÀN THIỆN'!E23) | F25: =IF('BÁO GIÁ HOÀN THIỆN'!F23="","",'BÁO GIÁ HOÀN THIỆN'!F23) | G25: =IF('BÁO GIÁ HOÀN THIỆN'!G23="","",'BÁO GIÁ HOÀN THIỆN'!G23) | H25: =IF('BÁO GIÁ HOÀN THIỆN'!H23="","",'BÁO GIÁ HOÀN THIỆN'!H23) | ... N25: =IF('BÁO GIÁ HOÀN THIỆN'!N23="","",'BÁO GIÁ HOÀN THIỆN'!N23) | O25: ='BÁO GIÁ HOÀN THIỆN'!$H$4 -> 0 | P25: ='BÁO GIÁ HOÀN THIỆN'!$N$3 -> 46091.446 | Q25: ='BÁO GIÁ HOÀN THIỆN'!$N$4 -> 5 | R25: ='BÁO GIÁ HOÀN THIỆN'!$N$5 -> 46096.446
A26: =IF('BÁO GIÁ HOÀN THIỆN'!A24="","",'BÁO GIÁ HOÀN THIỆN'!A24) -> * Giá trên chưa bao gồm 10% VAT, giá giao hàng tại xưởng. | B26: =IF('BÁO GIÁ HOÀN THIỆN'!B24="","",'BÁO GIÁ HOÀN THIỆN'!B24) | C26: =IF('BÁO GIÁ HOÀN THIỆN'!C24="","",'BÁO GIÁ HOÀN THIỆN'!C24) | D26: =IF('BÁO GIÁ HOÀN THIỆN'!D24="","",'BÁO GIÁ HOÀN THIỆN'!D24) | E26: =IF('BÁO GIÁ HOÀN THIỆN'!E24="","",'BÁO GIÁ HOÀN THIỆN'!E24) | F26: =IF('BÁO GIÁ HOÀN THIỆN'!F24="","",'BÁO GIÁ HOÀN THIỆN'!F24) | G26: =IF('BÁO GIÁ HOÀN THIỆN'!G24="","",'BÁO GIÁ HOÀN THIỆN'!G24) | H26: =IF('BÁO GIÁ HOÀN THIỆN'!H24="","",'BÁO GIÁ HOÀN THIỆN'!H24) | ... N26: =IF('BÁO GIÁ HOÀN THIỆN'!N24="","",'BÁO GIÁ HOÀN THIỆN'!N24) | O26: ='BÁO GIÁ HOÀN THIỆN'!$H$4 -> 0 | P26: ='BÁO GIÁ HOÀN THIỆN'!$N$3 -> 46091.446 | Q26: ='BÁO GIÁ HOÀN THIỆN'!$N$4 -> 5 | R26: ='BÁO GIÁ HOÀN THIỆN'!$N$5 -> 46096.446
A27: =IF('BÁO GIÁ HOÀN THIỆN'!A25="","",'BÁO GIÁ HOÀN THIỆN'!A25) -> * Ứng trước 50% tiền đơn hàng gia công, thanh toán 50% còn lại trước khi lấy hàng tại kho, giao hàng tại nhà máy bên bán sau 3 đến 5 ngày. | B27: =IF('BÁO GIÁ HOÀN THIỆN'!B25="","",'BÁO GIÁ HOÀN THIỆN'!B25) | C27: =IF('BÁO GIÁ HOÀN THIỆN'!C25="","",'BÁO GIÁ HOÀN THIỆN'!C25) | D27: =IF('BÁO GIÁ HOÀN THIỆN'!D25="","",'BÁO GIÁ HOÀN THIỆN'!D25) | E27: =IF('BÁO GIÁ HOÀN THIỆN'!E25="","",'BÁO GIÁ HOÀN THIỆN'!E25) | F27: =IF('BÁO GIÁ HOÀN THIỆN'!F25="","",'BÁO GIÁ HOÀN THIỆN'!F25) | G27: =IF('BÁO GIÁ HOÀN THIỆN'!G25="","",'BÁO GIÁ HOÀN THIỆN'!G25) | H27: =IF('BÁO GIÁ HOÀN THIỆN'!H25="","",'BÁO GIÁ HOÀN THIỆN'!H25) | ... N27: =IF('BÁO GIÁ HOÀN THIỆN'!N25="","",'BÁO GIÁ HOÀN THIỆN'!N25) | O27: ='BÁO GIÁ HOÀN THIỆN'!$H$4 -> 0 | P27: ='BÁO GIÁ HOÀN THIỆN'!$N$3 -> 46091.446 | Q27: ='BÁO GIÁ HOÀN THIỆN'!$N$4 -> 5 | R27: ='BÁO GIÁ HOÀN THIỆN'!$N$5 -> 46096.446
A28: =IF('BÁO GIÁ HOÀN THIỆN'!A26="","",'BÁO GIÁ HOÀN THIỆN'!A26) -> * Kích thước theo số đo đã được thống nhất. | B28: =IF('BÁO GIÁ HOÀN THIỆN'!B26="","",'BÁO GIÁ HOÀN THIỆN'!B26) | C28: =IF('BÁO GIÁ HOÀN THIỆN'!C26="","",'BÁO GIÁ HOÀN THIỆN'!C26) | D28: =IF('BÁO GIÁ HOÀN THIỆN'!D26="","",'BÁO GIÁ HOÀN THIỆN'!D26) | E28: =IF('BÁO GIÁ HOÀN THIỆN'!E26="","",'BÁO GIÁ HOÀN THIỆN'!E26) | F28: =IF('BÁO GIÁ HOÀN THIỆN'!F26="","",'BÁO GIÁ HOÀN THIỆN'!F26) | G28: =IF('BÁO GIÁ HOÀN THIỆN'!G26="","",'BÁO GIÁ HOÀN THIỆN'!G26) | H28: =IF('BÁO GIÁ HOÀN THIỆN'!H26="","",'BÁO GIÁ HOÀN THIỆN'!H26) | ... N28: =IF('BÁO GIÁ HOÀN THIỆN'!N26="","",'BÁO GIÁ HOÀN THIỆN'!N26) | O28: ='BÁO GIÁ HOÀN THIỆN'!$H$4 -> 0 | P28: ='BÁO GIÁ HOÀN THIỆN'!$N$3 -> 46091.446 | Q28: ='BÁO GIÁ HOÀN THIỆN'!$N$4 -> 5 | R28: ='BÁO GIÁ HOÀN THIỆN'!$N$5 -> 46096.446
... A49: =IF('BÁO GIÁ HOÀN THIỆN'!A47="","",'BÁO GIÁ HOÀN THIỆN'!A47) | B49: =IF('BÁO GIÁ HOÀN THIỆN'!B47="","",'BÁO GIÁ HOÀN THIỆN'!B47) | C49: =IF('BÁO GIÁ HOÀN THIỆN'!C47="","",'BÁO GIÁ HOÀN THIỆN'!C47) | D49: =IF('BÁO GIÁ HOÀN THIỆN'!D47="","",'BÁO GIÁ HOÀN THIỆN'!D47) | E49: =IF('BÁO GIÁ HOÀN THIỆN'!E47="","",'BÁO GIÁ HOÀN THIỆN'!E47) | F49: =IF('BÁO GIÁ HOÀN THIỆN'!F47="","",'BÁO GIÁ HOÀN THIỆN'!F47) | G49: =IF('BÁO GIÁ HOÀN THIỆN'!G47="","",'BÁO GIÁ HOÀN THIỆN'!G47) | H49: =IF('BÁO GIÁ HOÀN THIỆN'!H47="","",'BÁO GIÁ HOÀN THIỆN'!H47) | ... N49: =IF('BÁO GIÁ HOÀN THIỆN'!N47="","",'BÁO GIÁ HOÀN THIỆN'!N47) | O49: ='BÁO GIÁ HOÀN THIỆN'!$H$4 -> 0 | P49: ='BÁO GIÁ HOÀN THIỆN'!$N$3 -> 46091.446 | Q49: ='BÁO GIÁ HOÀN THIỆN'!$N$4 -> 5 | R49: ='BÁO GIÁ HOÀN THIỆN'!$N$5 -> 46096.446
